DROP database IF EXISTS bd_universitaire;
CREATE DATABASE bd_universitaire;
USE bd_universitaire;

CREATE TABLE Programme(
	sigleProgramme varchar(100) PRIMARY KEY,
    nom varchar(100),
	credit smallint
	);

CREATE TABLE Etudiant(
	idul varchar(100) PRIMARY KEY,
	nom varchar(100),
	motDePasse varchar(200),
	motivation smallint,
	credit smallint,
	sigleProgramme varchar(100) NOT NULL,
	FOREIGN KEY(sigleProgramme) REFERENCES Programme(sigleProgramme) ON DELETE CASCADE
	);

CREATE TABLE Service(
	id smallint PRIMARY KEY,
	nom varchar(100),
    disponible smallint(1),
    sigleProgramme varchar(100) NOT NULL,
    FOREIGN KEY(sigleProgramme) REFERENCES Programme(sigleProgramme) ON DELETE CASCADE
	);
    
CREATE TABLE Directeur(
	mail varchar(40) ,
	nom varchar(40),
	numeroTelephone varchar(100),
    sigleProgramme varchar(100),
    PRIMARY KEY(mail, sigleProgramme),
    FOREIGN KEY(sigleProgramme) REFERENCES Programme(sigleProgramme) ON DELETE CASCADE #Modelisation de la relation possede un directeur
	);
    
CREATE TABLE Objectif(
    idul varchar(100),
	id smallint AUTO_INCREMENT,
	sessions varchar(100),
	nom char(40),
	concentration varchar(100),
	moyenneSession smallint,
    moyenneFinProgramme smallint,
    moyenneCours smallint,
    sigleProgramme varchar(100) NOT NULL,
    PRIMARY KEY(id), 
    FOREIGN KEY(sigleProgramme) REFERENCES Programme(sigleProgramme) ON DELETE CASCADE, #modelisation de la relation posseder
    FOREIGN KEY(idul) REFERENCES Etudiant(idul) ON DELETE CASCADE #Modélisation de la relation posseder
                                                                   # Ca va permettre davoir un lien entre etudiant et objectifs
	);

CREATE TABLE Cours(
	sigleCours varchar(100) PRIMARY KEY,
	nom varchar(100),
	credit smallint,
    evaluation smallint
	);
CREATE TABLE PrealableCours(
    id smallint PRIMARY KEY,
	preCours varchar(100),
	sigleCours varchar(100),
	FOREIGN KEY(sigleCours) REFERENCES Cours(sigleCours) ON DELETE CASCADE
	);

CREATE TABLE Suivre(
	idul varchar(100),
    sigleCours varchar(100),
    sessions varchar(100),
	moyenne float,
    PRIMARY KEY(idul,  sigleCours),
    FOREIGN KEY(idul) REFERENCES Etudiant(idul),
    FOREIGN KEY(sigleCours) REFERENCES Cours(sigleCours)
	);

CREATE TABLE Note(
    id smallint PRIMARY KEY,
	idul varchar(100),
    sigleCours varchar(100),
    numeroEvaluation smallint,
    ponderation  smallint,
    FOREIGN KEY(idul) REFERENCES Suivre(idul),
    FOREIGN KEY(sigleCours) REFERENCES Cours(sigleCours)
	);

CREATE TABLE Concentration(
	id smallint PRIMARY KEY,
	nomConcentration varchar(200),
	sigleProgramme varchar(100),
	FOREIGN KEY(sigleProgramme) REFERENCES Programme(sigleProgramme) ON DELETE CASCADE
	);

CREATE TABLE Appartient(
	id smallint PRIMARY KEY,
	sigleProgramme varchar(100),
	sigleCours varchar(100),
	typeCours varchar(1),
	disponibilite varchar(3),
	regle varchar(1),
	creditRegle varchar(2),
	nomConcentration varchar(200),
	FOREIGN KEY(sigleProgramme) REFERENCES Programme(sigleProgramme) ON DELETE CASCADE
	/*FOREIGN KEY(sigleCours) REFERENCES Cours(sigleCours) ON DELETE CASCADE*/
	/*FOREIGN KEY(nomConcentration) REFERENCES Concentration(nomConcentration)*/
	);
INSERT INTO Programme(sigleProgramme, nom, credit)
	VALUE
	('GMC','Génie mécanique' , 120),
    ('GCI','Génie civil' , 120),
    ('GEX','Génie des eaux' , 120),
    ('ENV','Environnement' , 120),
    ('GCH','Génie chimique' , 120),
    ('GIN','Génie industriel' , 120),
    ('GEL','Génie électrique' , 120),
    ('GLO','Génie logiciel' , 120),
    ('GGL','Génie géologique' , 120),
    ('GMN','Génie des mines et de la minéralurgie' , 120),
    ('GIF','Génie informatique' , 120),
    ('GPH','Génie physique' , 120);

INSERT INTO Etudiant(idul, nom, motDePasse, motivation, credit, sigleProgramme)
	VALUE
	('DIBAX', 'Diete Baxter', '03ac674216f3e15c761ee1a5e255f067953623c8b388b4459e13f978d7c846f4', 7, 66, 'GLO'),
    ('GAJAC', 'Gart Jack', '9de0c2e512f5786b963ae6620c68968b2481ee71f5861edf450678828a08a671', 3, 57, 'GIN'),
    ('DUFEL', 'Dunca Felix', 'd569113e84131e67b5c1c08aea81b138dceed8cf9e2e665f299b216ed3d9752e', 0, 77, 'GIN'),
    ('MASTE', 'Malcol Stewart', '9f04722331147761c57ca9cfdeca2d12638665e86257748a7742758709225d31', 1, 23, 'GMC'),
    ('PRISA', 'Prescot Isaiah', 'a0534928882c80c0847f8a312e4b41162400ea194d12fdc6746513d41246347b', 5, 78, 'ENV'),
    ('KIHOL', 'Kir Holmes', '4ca8c0d49644727fc381aea61e539d25aa2125d410282b7a9ecc63ae549e2180', 1, 20, 'GGL'),
    ('QUSET', 'Quama Seth', '240e6fec27d1917eca31201a156745f1933ad7aa00707b8fc5e22a00fa554538', 9, 87, 'GLO'),
    ('GAGRA', 'Garriso Grady', '81a35d403d870df935cb8df2b906f7ae3161eb0f17a5449ecff7cb13e37641ab', 7, 49, 'GEL'),
    ('DOBEA', 'Dola Beau', '1ad9a2daeea98721987e5e45ae15699e2b52f55a8fb1b07a533d6bc7b2b984fb', 2, 89, 'GPH'),
    ('WYHEC', 'Wyli Hector', 'd95813942689c630322d3acb8cccf2263b614a76dd6a24d963204917c2c056ab', 4, 100, 'GIN'),
    ('THSTE', 'Tho Steven', '1e8ac13c315fea22ff85c3bd8d6cda904529827326ce976773d2e12be2de18dc', 6, 98, 'GIF'),
    ('FENOA', 'Ferri Noah', '523bcb95c9de1e5ed74e1966863e008e428a9d19662ef0b79ccf53ded88f0db6', 3, 114, 'GGL'),
    ('HAIGN', 'Hamis Ignatius', '1f2c769f164c5ef5491fb4dff65e41804441b1a29330c6db1ad093cc561db4c8', 6, 111, 'GIF'),
    ('ORCOL', 'Orland Colby', 'a83870643c41d05f2076d76d35851c73539634a805db669428197d902fa6c103', 7, 82, 'GCH'),
    ('LEJAM', 'Lewi Jameson', '1b5b2c38e27187f47ddf8aeab0bb6ed0f8d1e17c4766a9099c7f9c592f935cb5', 8, 55, 'GCI'),
    ('VAMUF', 'Vaugha Mufutau', '351a686432cf03f419d248c46cf305ae14c0a1165bd99cba1e65d797fac0b4d5', 9, 71, 'GMN'),
    ('JOART', 'Josia Arthur', '0696d4a3cc6c8509ce5d28ee7b44abd0208ef257568c5f1f18269b95d14d2e6c', 6, 16, 'GPH'),
    ('ALWAN', 'Allistai Wang', '503bcd08ac2bbf331f515c24f6d4dd46fef70d44e0d178b05ca8fae35a0d7851', 7, 65, 'ENV'),
    ('GAPRE', 'Garret Prescott', '151a2cfb23f52b88f8dcdedc5e9f652d07b7e8e4558c15c9ea40dc17c0c9a734', 6, 74, 'GIN'),
    ('GAREE', 'Galvi Reed', 'd98ff53a8fb952d821c63f0543dc17d2edee13f4890c5aeb089d613b15734b38', 1, 82, 'GEX'),
    ('DEPRE', 'Devi Preston', 'd650b096a9575ecc9593aaade24dac9373e1d748ba01d57ba2938da77e090b16', 9, 20, 'GEX'),
    ('SHGAR', 'Sha Gary', '3586039f1b360ef3e2b192e0d021d1d11358a876ee323bcb52311dc423ece744', 3, 97, 'GEX'),
    ('HAEMM', 'Harla Emmanuel', '2de190befd8c58c9e0433d01492980b3b8ae63b7ecb381b1c39e6276d8ad37b5', 4, 93, 'GEX'),
    ('LEIVA', 'Le Ivan', 'ea4b648ccd2398aa1088a0da277ca21ab13cdc03f0914bcdf62c42024e74498b', 1, 51, 'GIF'),
    ('SOBER', 'Solomo Bert', '7456c5f8a67f3909ae584b9d4c30725869520d521b901f9b746e4c8e5aa1d6e8', 3, 79, 'GIF'),
    ('EAURI', 'Eaga Uriel', '7f14550af6c1b67c9d39f27acb27c1bfb7a95bf4b1a444ed55546cce9be5fd6e', 5, 26, 'GMN'),
    ('ROGAN', 'Rona Gannon', 'fefa74b150133e3b30f00c8e3cfc8f8734f4b2f0d7fa9f57630d18c3e1d2bd8d', 0, 4, 'GMC'),
    ('JEKEN', 'Jermain Kenyon', '8ea6777ab7aec6adc246bc57a88c088d30762e85ac4608a6b934ddd593f10946', 3, 117, 'GMN'),
    ('TIALF', 'Timoth Alfonso', '9cfc5a8599b8705254b7d6ba40acde7e367a7f5adce1b2d31a8adce61f600103', 9, 26, 'GIN'),
    ('HAGAL', 'Hal Galvin', '6180a726a51140607f062eee721b997e86b372fd9fe003ba5cb5e97ce70a3912', 7, 11, 'GIF'),
    ('MAWAN', 'Marshal Wang', 'd3191a5239d007c08345f5ae6a9021d1ad9f9f8eda3c6aced656727eb9075beb', 0, 107, 'GIN'),
    ('WALIO', 'Walte Lionel', 'd1e2d33910ed6ccdafb72bddf78b815ad574465584ec765011951df7273f2d5c', 8, 54, 'ENV'),
    ('JUDOR', 'Julia Dorian', '197b878a24e2b69c66a1e0380128a1b7ca929c568b2a3e86d5c6ab195889429e', 3, 90, 'GCI'),
    ('RYDIE', 'Rya Dieter', '8dfcbb1a180b23b5e01d6b4ff4f460f8c6f1703b5fd09d4d289c69282cf424da', 9, 56, 'GLO'),
    ('ISGUY', 'Isaia Guy', '8b4b20d9ae64ccd93aa43480db88e4af0636f7ca782cb820ab78015e8bd32068', 5, 76, 'GCH'),
    ('FIJAC', 'Fin Jack', 'c8bf15e942e130329e944f510beb7b07fc24cc605943e808a91cce41cb2581d1', 7, 83, 'GGL'),
    ('BRJOS', 'Brenda Josiah', '43137d3fcd15ee06fc930d67ac711b04411afd6890e26ea5b7a42f2536340e70', 2, 97, 'GMN'),
    ('VIBLA', 'Vincen Blake', '85fb80ac8a2a8fc3d36b0d47f411a07ec9a70e816cb536aa81831c56d4c4c664', 6, 4, 'GLO'),
    ('EMTRE', 'Emmanue Trevor', 'eaf82d7790902e284be9dab95269b7da7b4fa374de49b2c11965df1aa8856b8f', 5, 48, 'GCH'),
    ('JOCOL', 'Jona Colin', '812ed678e65c46d3c720b596b0a564b4d4ad988bdcf33ef96019df15d7caa2f6', 2, 7, 'GMN'),
    ('BRCOL', 'Brende Colton', '5e38828f6a4e0d37ac74cfdb2f9c87891e97aa8d70e7d3abbc3ec9a3f707eab1', 6, 13, 'GEL'),
    ('HAHAM', 'Harriso Hamilton', '8d4f9aeb1b31763bbae12fc72247b89c0001d6b84844878d99c24609313dc293', 3, 68, 'GMC'),
    ('DABRA', 'Dal Brandon', '5036183589a9c94f3869b485af45222b077d43c0292e01256bafeb82e337cccb', 7, 79, 'GEL'),
    ('QUJAR', 'Quenti Jarrod', '79bd5776a2f045a4c83de5776273662a373a405529083b6d0a30d0fbd97193e5', 3, 78, 'GCI'),
    ('KYJER', 'Kyl Jerome', '3e4ece053548996c4b4ccf43111b552192af26acbf25abb42a9c433e2248b8a7', 5, 79, 'GMN'),
    ('STGEO', 'Stee George', '10750d6e86cd9e1d07304fce8636e3916df50837f7aa18218e9a160d84e950f8', 8, 41, 'GEX'),
    ('COJUL', 'Coope Julian', 'f191641376952e9655092092aaae43cd7b44493322be4f2cd733819443dfcaee', 5, 59, 'GGL'),
    ('KICRU', 'Kiera Cruz', '4f1797008f69f2fc98a876472106246e2703c0bd989b393f13e6e67c9e814ada', 4, 117, 'GIF'),
    ('TOGRA', 'Tod Gray', '4e985ff1a0f42d9a6444bf683c6168e023a6d8e437ee44df4fb506f8274c48f3', 2, 93, 'GMN'),
    ('SAFUL', 'Sawye Fuller', '1b604b9a4eebaab76000a071108ec1dd6facb99390d5f58e5176f34fa53f9569', 8, 39, 'GMC'),
    ('JECHA', 'Jelan Charles', '0cac21277548197c42a4e29bb0e16c387880d6869b4b5543591fc711f11f983c', 0, 114, 'GPH'),
    ('THNEI', 'Tho Neil', '48ae86ab3a55607893ea364daf101216281deef2819fd76cf6cc36f1ff371ba7', 9, 17, 'GEX'),
    ('JACON', 'Jaspe Conan', 'e5ced4f44b3999989e2079a5ebb94014bd9f6c63813029bd4fa77ebce46e0709', 8, 33, 'GCI'),
    ('JOTOB', 'Jona Tobias', '251830ce5b39b7261d06baabd40781234e75aeaf4d428fa14564d29c1e8e6056', 0, 22, 'GIF'),
    ('BATHA', 'Bake Thane', 'b394eeb92a59ecd82bedae693e4811bc62d86ed9d282d11465f91d9faae88664', 2, 48, 'GIF'),
    ('DOBRU', 'Domini Bruce', '079e106bb621ffb908de07d5e12f9c86455a1fb2fc249c3c5df68976bd10ae8f', 4, 11, 'GLO'),
    ('RYLAM', 'Rya Lamar', 'f621834b0649dbf99a8dd7f2d98cbff63ef3e9b9fb6151ab17033d529eb62c13', 8, 36, 'GMN'),
    ('BRBUC', 'Bren Buckminster', '3f23160f7670b95b10ad41dbced9aa5c6c1d436e20583a3a88ee96b297697c6b', 7, 45, 'GEX'),
    ('BEZAH', 'Bec Zahir', '021e9c8096655663ed4790f51736e1ae9dfbcebdafb98475ac750a6c512a337a', 8, 77, 'ENV'),
    ('CHCOL', 'Chadwic Colby', 'f6c3b88ccb76e86fac37f7b2df527fefc4a3bd468c4d02792d7d3ed69efcc003', 2, 115, 'GEL'),
    ('MUROS', 'Murph Ross', '9e6b9010a1d1bfade8a1fdc82243f91cb07457f828f8caf70c84336533e7d5a3', 7, 7, 'GPH'),
    ('MUXAN', 'Mufuta Xanthus', '068ce753fa21a203c72e7f82c66106ce9f22b80c0cb1db77dfcb596fab1c5334', 8, 73, 'GCH'),
    ('HALAW', 'Hashi Lawrence', '5d7d6068b8d04d3e28c1606927cbd050415d7266bbd6cc5eb8c57084db15a7a6', 6, 48, 'GIF'),
    ('OLLAI', 'Ole Laith', '80d9610da13eab6718ed1186f2c3927765c900913afa642e77eb37e8e109b739', 6, 18, 'GIN'),
    ('LEALE', 'Le Alexander', '66a4c9bdda4ad7846c53771ec19ccef8e03bc527c2dc64f9a26c18cce663090b', 5, 93, 'GIN'),
    ('JAMAR', 'Jare Marvin', '3eea22e8acce5915bbad2297a67ccc3327b3806fc4a576a4f3c8339063dac2d8', 9, 95, 'GEL'),
    ('HYFEL', 'Hyat Felix', '5375ec3e310dd4f467864e37710406e886c69e06ed7d657c88c5aca950521b98', 5, 60, 'GMN'),
    ('GECAL', 'Georg Caldwell', '718ba10ebff2bfec50c5c8640d1dccc52fb9d1d17fab77f4c9acadf4d667c176', 5, 115, 'GMN'),
    ('HAMUF', 'Hamilto Mufutau', '62e9aba35b6e172401ac2e19b9b70e0b65c44a1e9d4b6943a6404eaad81858ac', 3, 49, 'GEL'),
    ('BRNEI', 'Bren Neil', '83435998b3e83f57e58ca5d72a0c3d0d2efaf5e891131da3c299a8d4000f0084', 1, 115, 'GCH'),
    ('ZEJOH', 'Zephani John', 'e66dec59d99f2fd60a12c50af6a3af9b6e1b23eaf9cdb42f94a1894241de3bb6', 5, 11, 'GMC'),
    ('LUAME', 'Luk Amery', '13b53c4864ed7aebe8e70169fd5ff3b260a5bc514d25bb73e6c4b2ef3b7910d1', 8, 42, 'GGL'),
    ('HEPAU', 'Hedle Paul', 'a85109b79e52898f3d861d95e39fe399c538acf1a4799623621b5e21cb411cf9', 2, 78, 'ENV'),
    ('ARSET', 'Arseni Seth', 'cee4f00efe4cc634e32bc638b96d1e8e9f9d0363cd5c6dc8a59cd3c9473b55b1', 5, 98, 'GGL'),
    ('HAJOE', 'Harpe Joel', 'd21ec2c1e859ea970b65dded0a615334b61a32fba3473ccb0270c9c533bee53f', 3, 37, 'GCH'),
    ('GADEA', 'Garet Deacon', '8fbb8639d32d5fa4bd7df712e0371e5f1c04e3f3a8ffef2d0fd05710387bae61', 0, 42, 'GMN'),
    ('FLBAR', 'Fletche Barclay', '07d7a0ed7cfea4fc8daddbd8f769d038f928fb56ef0b976b8223b9e56d07a37f', 9, 79, 'ENV'),
    ('BRJEL', 'Brande Jelani', 'a36fb06d1f7cae40600c01606bd9bf11674e457f8134a6cb974fd5c166cce7f6', 8, 16, 'GGL'),
    ('XEHAR', 'Xeno Harrison', 'b8b61be2616713ab2a6f33a6deae728f2a1df497968973a9a3d23aef140b1070', 7, 25, 'GEL'),
    ('EVCHA', 'Eva Channing', '5acc08714de09a015e8387cba7fbd1d28e195c5c30c37fe273ccb13c32a8f6b4', 2, 0, 'GIF'),
    ('FRHAL', 'Frit Hall', 'cbc9c184b435f32c8e3b2500385638028d67a867da9b3ac6673ff5d1917f5f94', 7, 52, 'GMC'),
    ('MAGAR', 'Maco Garth', '5833106f70b8852b88a00d07b0e4db19a61ce6e44b0a5274afb9423959adc503', 4, 105, 'GPH'),
    ('RODIE', 'Roga Dieter', 'dbe31892563ed001943c8be8342dcd2f2b8e6f0653dbfb2c1128f93969f4cae0', 4, 13, 'GIF'),
    ('ARISA', 'Arseni Isaac', '49d66a367ebc4ffbe1556f62bdb419f2ffd4c5ac35ae1b097659e8d749937397', 3, 45, 'GEL'),
    ('JOHUN', 'Joshu Hunter', '86e307e1bb15d6710b61acd778f0aa5d23b21a79f7ca2f2f48e21b9ef335df96', 2, 18, 'GCI'),
    ('QUJUD', 'Quin Judah', '16f63587a44625a45dc4a3458b27f019e8789ab525367fdf6c16ad10a1eb7065', 6, 53, 'GGL'),
    ('HOGAB', 'Honorat Gabriel', '547857a94e741c91b44147425ecf99ecbed608f9b6d2ccda4ba637b61ee5e74d', 0, 27, 'GIF'),
    ('FUHAR', 'Fulle Harding', 'e5f0ef3a2a8699089d792c8e4f88c76474ba30ce09a7b485ff167bcf1c079ab8', 7, 119, 'GIN'),
    ('ANCHE', 'Andre Chester', '181c25f76aac4b3b883151f289ded2517b6518f9a49ae22f22e7caaa9c6c9e79', 9, 39, 'GCH'),
    ('CHKEN', 'Cheste Kennan', '2b3b1abb24e2a96ea25f90f9235db08dc3deeed490bb4f247b144a3350788332', 1, 82, 'GEX'),
    ('BALAN', 'Barr Lance', 'e3c8340fa5a0364d1d9bf9b7063dc12f1132d8314a4565fcc30e7b76a8898489', 7, 110, 'GGL'),
    ('DACUR', 'Dariu Curran', '85f61b38398ec300fef5bf3a122a094f2da7dd746d9ceb0b6340bf68841f7367', 9, 108, 'GEX'),
    ('NIWYL', 'Nissi Wylie', '613b00e72513a3404a460a7cbcbd44d4356d692e7556720eced238acc490584f', 4, 102, 'GPH'),
    ('BRMEL', 'Bria Melvin', '9f2f4b525c043d678fbc70165db80f95df9b3c8d907d34e8d8c25f1f3cbc9660', 5, 34, 'GCH'),
    ('JEGRA', 'Jerom Grant', 'f2ed9729a4db1e0bca5a43dad1d68196a21a07b5076135769344a7c675e39acf', 3, 14, 'GCH'),
    ('BRLUC', 'Bria Lucas', 'b332f5a1c0676082ed3bce376c90872fc870ef01f07d7e2aff12c335c312b4ab', 7, 20, 'GEX'),
    ('ELCHA', 'Elvi Chadwick', '4cffef44dfe9ed73264609d79630558de73d5e49d369aef6555937d67eee7bfc', 7, 94, 'GCH'),
    ('CAKIE', 'Caesa Kieran', '7a0457a73d00eb2648c176d16021f89bd74200e90b489997a5487677fd527edb', 1, 24, 'GMC'),
    ('PEWAD', 'Perr Wade', 'd58da725e8e716f57a84a730e0bb9cf4156a43598d122ee50c62e4d066d25400', 7, 21, 'GGL'),
    ('SOMAG', 'Solomo Magee', '50c0f1581fd8943f31145155258e7e54a6377ba314e1213f4e0e70effa65e8ce', 7, 8, 'GEX'),
    ('CHISA', 'Chantal Isabelle', 'bbac729b287f6277ddfd7efbe218cc9e8908412097bf9b9e338074b6e067c0ce', 8, 90, 'GMN'),
    ('KIZOR', 'Kitr Zorita', '3f5ff49408253bd7c8d8c8e4c927d2766e7ee9d32e6f9812d1049afa5c0322fc', 2, 97, 'GLO'),
    ('MEJOR', 'Mega Jorden', 'a2ad0cd2d010896e81c1c272fd7bd7393d1434092bf42536b892b0b16202653b', 1, 46, 'GEL'),
    ('MAMON', 'Maria Montana', 'c1602fa492ecf657bb0096bd719e23bc4a573def19a35db5f66de786764066a7', 3, 101, 'GGL'),
    ('ALMIC', 'Alin Michelle', 'a1c78b60c29437f0cbe27d15971fae418724ab2c2720231ac40d4b58f4183569', 9, 38, 'GGL'),
    ('ROMER', 'Rosaly Meredith', 'e5b3e5d8059c9dc93439f378e7ce1a6e9a8d47e08e781fdc88efe89acbab7382', 2, 119, 'GLO'),
    ('DOEMM', 'Doroth Emma', 'c5b50ef259fe6b03ba75865ab0d8ee46326a981b2a39534cd1e45c040f8efe48', 3, 89, 'GCI'),
    ('MAHED', 'Mar Hedda', '505aba4258b26e1eaf0b26d64646290a7c5edb85421957c309350cda0282e3c3', 4, 82, 'GCH'),
    ('PHGIS', 'Phoeb Giselle', 'c0e6e9f7e6c8e5779862365f67857c4aba5fb851be3e58e0a7668b2d73f701c9', 0, 11, 'GPH'),
    ('CAIDO', 'Calist Idona', 'f3fcb1e7f14633a427cde3b9ddc4c94ceebfe8df4f22fb3362d82b49727c3861', 1, 106, 'GPH'),
    ('TAJES', 'Taylo Jessica', 'b18746e3f6d10c1735bf34ea449e05052f52bf49cad6a45e72fe2ce7bea7a5b6', 2, 6, 'GMC'),
    ('EVKYL', 'Evangelin Kylie', 'd2d894d57995b1a09ce44c38328a4669c41836c98eafc263e35b9bdcded7240f', 8, 84, 'GCH'),
    ('HEHER', 'Hele Hermione', '08b9c1b0fadc91dbe34679dfc44418fe4cd43a556b2d86715fbe3c43f1c9709f', 0, 86, 'GEL'),
    ('DIAME', 'Dian Amela', 'c1066f5830872ed294d3ae7bb832ead6eb0c4b8514649cfac93bdb01732bacfb', 1, 28, 'GGL'),
    ('COSAC', 'Collee Sacha', '4b575a9a78b5faabc4e344529badb5ce555c227a319de8d1a741a6f35e932bfd', 4, 102, 'GCI'),
    ('KELAU', 'Kessi Laurel', 'bd0627f2b682d587888fe81549a457903f99f7b77850f6938f794fe924fc69d5', 9, 28, 'GMC'),
    ('WHCLA', 'Whitne Claudia', 'c1f8de6a510143ea71c3d273527ffcfc3bad771a1fc016ed172e5e058a68262f', 2, 18, 'GIN'),
    ('HECHA', 'Heathe Chantale', 'aaba4aac3f6f97b710d5fa0a08272931df87efc319f1c36158b6c9fb1a5d48cd', 3, 58, 'GEX'),
    ('KRCHA', 'Kriste Chantale', '6b17b499ea4c9ac7e652864ad9ac790fbf4f1141db0d9e1fd2257dadced3818d', 1, 57, 'GGL'),
    ('DANEL', 'Dakot Nell', '2c17a147fc00056d702aacb23ed0a34e4837c611f189edc718da0c2a86fa257b', 2, 104, 'GIF'),
    ('JOKYL', 'Joell Kyla', '81afc8a352eefcfecbca0b84abd92e76fec48ed3602a00b3a06badb859e759b5', 9, 118, 'GCI'),
    ('WHJAD', 'Whilemin Jade', '5225e0a97c59bb0c77567ebf69161cb37b4636a2de5d66da4a6819766d6c6bba', 8, 30, 'GCH'),
    ('ALLEA', 'Alis Leah', '537e415b040b457e25299fe59fe983bd685a85bea8660049410dea5b286c3012', 9, 97, 'GEL'),
    ('SYBLA', 'Sydne Blaine', '3a9b14e4dd519bd97601e6d91a32d38f00cb2ce8608432906b3b7a948b78bb6a', 1, 107, 'GGL'),
    ('RECEL', 'Rebeka Celeste', '516b53a8a96cb4226856d9905d17a06b8a79d13432d984b1ea27b06107527a8e', 3, 72, 'GEL'),
    ('SHRIS', 'Shaeleig Risa', 'bd9b5f54f0721c183eb54d77f8de1165411a7eb1b143e35b91d4b80fe25a7722', 1, 102, 'GIF'),
    ('SOLIB', 'Sony Libby', '17f87957ebb53b4bca7b445bc873af443d470ce3eb49af90d4ade7676f7d49b8', 2, 71, 'GLO'),
    ('KYCAS', 'Kyle Cassady', 'f16f65dabd6ad3c22db79c3a689f5144c062eeeb8788c8dc0ff564592a15cc71', 7, 103, 'GIN'),
    ('AYLIL', 'Ayann Lilah', '5bf0619c83fcd04eec1e44d0f767aafe76c3c53cbbb83d0d11db6f4ea8c38a1d', 7, 33, 'GIF'),
    ('SYMAL', 'Sylvi Mallory', '429878151bef8552e57ac2a946203eb04c44600d1926f84cfab41cf014a3f516', 0, 69, 'GPH'),
    ('MOJAE', 'Molli Jael', '12a0cd5cf9fecce8a3f9d788e9bb9a77375dad99c4177e4210170e201ba45913', 4, 117, 'GIN'),
    ('KIEME', 'Kimberl Emerald', '5d55bc4828039607ae324d8ade96572d3c9420831d1669164ce51318d9aefcf6', 5, 23, 'GCI'),
    ('NOQUY', 'Noell Quyn', 'af77fd0abb5aa59bd1aaa360c3767740693a38f21c11263b18cf1eccd4fa9169', 2, 23, 'GMN'),
    ('LYOLI', 'Lydi Olivia', '550a9fc13590e73c903d141948be8016d649eece10016d56f71f892c5f06be28', 2, 104, 'GCI'),
    ('APMAD', 'Apri Madeline', 'da45325019933672bfc859d7cfee16029627ec0cb1b2052fc666f9067e5f3844', 6, 68, 'GEX'),
    ('JAIRE', 'Jad Irene', '662890f5ef504135d599d09ffb7f4129bbc9b0c186dddb3c60e3db8708e50b1a', 6, 107, 'GIN'),
    ('KIPOR', 'Kirste Portia', '7bab9ca21cdf6e69048e37e8bf22f4b3f1c003c2d90339932e30c04db851137f', 6, 38, 'GCH'),
    ('IMMEL', 'Imeld Melanie', 'e534692ae3a6b0c7f45b78960af5f7df985d386867a368b906fb60e9800c28ed', 9, 109, 'GMC'),
    ('MILIL', 'Mirand Lilah', '8fbf2f8402124c3b811294773afb74784d2623ddade6188dd2a2cb30195c5815', 0, 70, 'GCI'),
    ('BETAS', 'Bell TaShya', '866355d259fc587e2cc697cde8efe53d2f06e65d0b5a084a83e34154c1332dab', 1, 103, 'GCH'),
    ('JOGAI', 'Josephin Gail', '7366bea09bc0d17bf43883f70d1b5bd296364181a30bd0ccbdd4124094fc682c', 1, 98, 'GCH'),
    ('URDAR', 'Ursul Daria', '1733cf2cb5d0d43bc43ee8919e405897605e2babb6e755c490767043d4e1f3d9', 7, 15, 'GGL'),
    ('TEQUI', 'Teega Quintessa', '51229fd2bb71eda512a63f834b624b41b8bbd40c16726f742cbcbfef1cedc88f', 0, 46, 'GEX'),
    ('CIMAR', 'Ciar Mara', 'a557d801ee3ce08bdc8006c2f76a51ce661d40d070f99949d20e9c7689d4b295', 8, 98, 'GIN'),
    ('BAJOA', 'Barbar Joan', '81742ecadf3179561a8f7b4c285da4266952f2d63cbf847012a861774a4da67f', 4, 36, 'GMN'),
    ('GRSAN', 'Gretche Sandra', '181a32b7afd595e5ca64bbe051b83f670b15cb324dddeca63e484eaf9872e7cc', 9, 48, 'GLO'),
    ('KYARI', 'Kyle Ariel', '3d557a0014b92031dfad78527bf276169b4575860352ffac5bafa9eba011b65d', 1, 68, 'GMC'),
    ('COMAL', 'Constanc Mallory', 'b0ab2c72ad28447782617492eaf6f7fb83f9a63d5ce319be2b99c561ec3aa1b8', 7, 39, 'ENV'),
    ('MANAD', 'Mara Nadine', '9c4e806322417b69d8f97337b64b808167d1d9988e88b33b1b3b0e9d9de6bfda', 7, 71, 'GIF'),
    ('SHELA', 'Shelli Elaine', 'ae0bb40c4af198e49e99c47826117becf6c08a1d767b8f3fbc2a653e2db52736', 7, 31, 'GIN'),
    ('ROGAY', 'Ros Gay', 'c05c20a3059047afdcee4245e46b4b16af2be965402cee01e72d91de114b74cc', 5, 110, 'GMN'),
    ('ALJES', 'Alexandr Jessamine', '302349f14cdc928744aa6bfc579e473c20accacee09e1506e12112d66d0169aa', 0, 16, 'GEL'),
    ('BRYET', 'Britanne Yetta', '9ff635d6b0dff3853568b7cb7bf9f192f621dbbbcaabead66cc6929db2cf1588', 5, 103, 'ENV'),
    ('SHJAC', 'Sha Jacqueline', '1fd28ccf48ea69000fa3dbe4655b463f95c112b3b85d6aa6e3efad46c9daec51', 4, 119, 'GEL'),
    ('HAKEV', 'Hayle Kevyn', '2256b128436bd5d4484623853dd8d077dc6bf00029d6d362d240a3733f9ad89a', 1, 71, 'GCI'),
    ('BAMAR', 'Basi Mariam', '50602e32c93807fe998600e1a35cd13ffaebf3ea9d86ff018bf04c4789ee3882', 8, 101, 'GCH'),
    ('SALIL', 'Sach Lillian', '02ddc33ff68976936ad9c705033b7a5515feed1fbefca02f49ad660155b879e3', 2, 67, 'GIN'),
    ('SLKES', 'Sloan Kessie', 'c98304f000a474ad646e72a2984f9c85234766be1c5a4db79138e7b5ae409bb2', 8, 88, 'GCH'),
    ('MOANN', 'Moll Anne', 'c2fe4fc543f73c5f433f3fbeb8fb48b7a3ab8958ec16a28c98d7798b81d98823', 9, 41, 'GMC'),
    ('XAKAI', 'Xavier Kaitlin', '98bf5c20d4ca3de1f07b722122b291572be8447bc0bd285662837e26d97fc2b9', 3, 1, 'GEX'),
    ('TAAMA', 'Taylo Amaya', '8ac173f867d9551b22f176c78fd20f3421b5baacf77debe4cbab9ae26bf23920', 1, 114, 'GPH'),
    ('JOCLE', 'Jolen Cleo', '28d53f0d83154b4932373d5587c0ae7f00626ff5667eb2cd7a5e872e35b5afb6', 7, 56, 'GEL'),
    ('LYORL', 'Lysandr Orla', '944f8ea8851a910d029cda4babb45eaa152a80a3ec3b248ff4f3a7a187d7e206', 9, 86, 'GMN'),
    ('SAKYL', 'Samanth Kylie', '6bef9f6fdc343758f6a5f1e8646fb91276ea811ee444044c72d97c3d5ef42814', 4, 60, 'ENV'),
    ('JOFAL', 'Jo Fallon', '289cd6e93df8af0af0b21b941125ad9a8e372f54ea122e931f7e45917d842529', 4, 17, 'GEL'),
    ('ALKIR', 'Alexandr Kirsten', '26f028e1ed3da88522f56e2b70651570fbdec16a5d59e2cab23e376646b50e71', 0, 119, 'GCI'),
    ('SHCHA', 'Sha Charissa', 'cb39ec51e91ec950972a960b5fdf935c99611b0e676db2629e66b53e7df8c28b', 7, 45, 'GIN'),
    ('RACAL', 'Ram Calista', 'fddce4f3fe6d5c7e81b1ffe9cab7ff577f5de03d6e8e70420adfb4f01a79d898', 7, 38, 'GEL'),
    ('LADES', 'Lac Destiny', '5499c86682a617a6accef7f62ad5856e0f7ebb729ca424f850a8d6326af55497', 1, 53, 'GMN'),
    ('UNTAN', 'Unit Tanisha', '5878fff0deed45ad94aff5a1bc50b19e51023062d0729363f6d26bba5647cfc1', 2, 4, 'GCH'),
    ('LELEA', 'Le Leah', 'd7e10f38baee967a9fcdc58234d565632242d3d5c511e84825195562b72e882f', 9, 95, 'GEL'),
    ('CAING', 'Camero Inga', 'e72bb62be79d9cface60cd3b25b84ea44efe12b00e7e550c94393d7c5e1715a9', 7, 47, 'ENV'),
    ('REDES', 'Reaga Destiny', '9e9d90ef7bc90419bc06c45e7b45aa8b6f52d3861152627d21e5511926751bfa', 6, 52, 'GLO'),
    ('INANG', 'Indig Angela', '3e9638dee8f0af4513bda581a20c3ef4fc7395b40452dd7cd08ffc1f710b6687', 7, 6, 'GLO'),
    ('NESHE', 'Nell Shea', '6ac3445ec0864d79015a5e57481d6fe6eb714e4ad4372ec2b2bda7ef649a1522', 5, 44, 'GMC'),
    ('DAFAY', 'Daphn Fay', '5832500699d0e64eb5b661decde1bd4ed0ea07a2b41100c1f47e33390b49f9cd', 8, 6, 'GCH'),
    ('WHINA', 'Whilemin Ina', '3d98720c198e598db9cfba99e60b590269548b08c0af68f2b4925ba6359dee7f', 1, 95, 'GPH'),
    ('YAUMA', 'Yae Uma', '7e73d6220824fadd445cab01a8c2a5adb21e0dc6240c7102a566c9e9def3eb1f', 7, 96, 'GIN'),
    ('ELCAR', 'Ell Carolyn', '56d1f62e842b66d45673f0f2e6400127714a873e79616b5357f483aa2b189dff', 1, 112, 'GCH'),
    ('RYHAR', 'Ryle Harriet', '3bcdced390432bdc77ce626b04057267e45006f454b7611414c9f87c3c7ba898', 6, 83, 'GPH'),
    ('LAAMA', 'Lavini Amanda', 'e200982de09ddbd3235988c83193abc7bf33ba7b105e4af84ea1e49529dcf9a0', 9, 102, 'GMN'),
    ('LADEB', 'Laure Debra', '190af3596c7d443801c05520d0080626e0cfe33a6be3b77a6fc564f7470972e7', 7, 97, 'GEX'),
    ('ADDOR', 'Adrienn Dora', 'ed8a22c73e5cd7530783a05abe67b8461f4704b96fd1287af792b44f0dd8997c', 0, 99, 'ENV'),
    ('GRGAL', 'Gretche Galena', 'a2c54c990edb72ab50ee87ccc9a05d464f957218afa51379f6e3770b3069825a', 0, 100, 'GCH'),
    ('MOLES', 'Moll Lesley', '01b8eaaf5053e8ea5b5cd8f9e0b31a8ffee4e82156c594170a076a07f90f3f79', 7, 30, 'GLO'),
    ('LYGIN', 'Lysandr Ginger', '32b3dbc5489b6b20015b491cc7691f165eb686be89085165150c8df43b9e2579', 2, 72, 'GGL'),
    ('LYKEE', 'Lyn Keelie', '6d4b94a9933f713e5ba6b74c5633aa39f9b77b91ee4a415da91cc59d534cc8d5', 6, 75, 'GMC'),
    ('ARCAM', 'Arian Camille', 'b3a897937733c30533a574b978a55f9b95cd4362c82c2cd37d8c97d01c15ec3f', 9, 78, 'GEL'),
    ('AMAYA', 'Amen Ayanna', 'f6f869b0977414470e42a03b56bc61a527bafb39d51abc2d50f5213ed3e6c538', 5, 93, 'ENV'),
    ('MARUT', 'Marik Ruth', 'a41099b45d280b05ac283abbf7811496ac02ee4d79f7911c5576d789b33e4960', 0, 99, 'ENV'),
    ('TEFAY', 'Teaga Fay', '2a804631009b96ec2f338e8e84de640b2d9b1d686f8e820dcf058fcaaaeb4ef0', 2, 90, 'GEL'),
    ('FELIL', 'Felici Lila', '7aadf1ba2d224d891e4909114146437d87bf714062c17c38cfdf5b5f5d0ab337', 8, 53, 'GIN'),
    ('OLING', 'Olg Inga', '7599b770c732a7f55761e5bb2e3005fe6b32550dce1e508b40cc97a3f5a3661a', 4, 77, 'GEX'),
    ('INCOU', 'Indir Courtney', '737f33617d3fcf6f030e43439f846883f1d4377068bba22df3ba1b00b8634d92', 7, 82, 'GCH'),
    ('KIBRI', 'Kimberl Britanni', 'a5bf726ca11b3be05841f01fecd7d6237a7fa67a65e4f5085cb5786236524459', 8, 104, 'GCH'),
    ('MACHR', 'Mac Christen', '8d7fce3f84f94021b369408782507091c85ad43d67cea2ecc39259bd1d12aff0', 7, 86, 'GEL'),
    ('BRMAL', 'Brittan Mallory', 'f8b6b02b2447a46084718936f47b7c6d830659baa2d3dfa37b82ec6e9b4ada5c', 9, 52, 'GIF'),
    ('LASHA', 'Latifa Shay', '7b62828ffc7d85339ed37aa7dc11fe5c9915bde4daa3238678f557da59462604', 4, 117, 'GEX'),
    ('RACOU', 'Ran Courtney', 'a48c3ae2b6e6c3aeb4b6cf32b7fd27cc44887c76d5355b81d5ef8be5fab670be', 5, 107, 'GPH'),
    ('BELIL', 'Be Lila', '6d16b47e970c1308d237705096160748e972f7b1647c82de0f5ea763998cd99e', 4, 111, 'GMN');

INSERT INTO Service(id, nom, disponible, sigleProgramme)
	VALUE
	(1235, 'CDA',1, 'GLO'),
	(1234, 'SPLA',0, 'GLO'),
	(3366, 'CARRE',1, 'GLO'),
	(3466, 'Gestion des études',0, 'GLO'),
	(4143, 'Gestion des études',1, 'GLO');
INSERT INTO directeur(mail, nom, numeroTelephone, sigleProgramme)
	VALUE
	('Brahim.Chaib-draa@ift.ulaval.ca',  'Brahim Chaib-draa', '418 656-2131 poste 403346', 'GLO');
INSERT INTO Objectif(idul,id, sessions, nom, concentration, moyenneSession, moyenneFinProgramme, moyenneCours, sigleProgramme)
	VALUE
	('RACOU', 1,  'Hiver', 'Tout Peter', 'Traitement de donnee Massive', 3, 3.45, 4, 'GLO'),
	('RACOU', 2, 'Hiver', 'Tout Peter', 'Traitement de donnee Massive', 3, 3.45, 4, 'GLO');

INSERT INTO Cours(sigleCours, nom, credit, evaluation)
	VALUE
	('GCH-2591', 'Stage en génie chimique II', 9, 8),
('GCH-2590', 'Stage en génie chimique I', 9, 8),
('GCH-3590', 'Stage en génie chimique III', 9, 8),
('GCH-3591', 'Stage en génie chimique IV', 9, 8),
('GCH-1000', 'Introduction au génie des procédés', 3, 8),
('GCH-1001', 'Thermodynamique du génie chimique I', 3, 8),
('GCH-1002', 'Mécanique des fluides', 3, 8),
('CHM-1901', 'Chimie de l''ingénieur', 3, 8),
('CHM-1902', 'Chimie physique pour l''ingénieur', 2, 8),
('GCH-1003', 'Thermodynamique du génie chimique II', 3, 8),
('GCH-1004', 'Transfert de chaleur', 3, 8),
('GCH-1005', 'Transfert de matière', 3, 8),
('MAT-2900', 'Mathématiques de l''ingénieur III', 2, 8),
('BCM-1904', 'Introduction au génie biochimique', 2, 8),
('GCH-2000', 'Technologie des procédés de séparation', 3, 8),
('GCH-2002', 'Conception des appareils et instrumentation', 3, 8),
('GCH-2012', 'Laboratoires de procédés chimiques I', 3, 8),
('GCH-2104', 'Sécurité industrielle', 2, 8),
('GML-2900', 'Corrosion électrochimique', 2, 8),
('GCH-2003', 'Séparations avec transfert de matière', 3, 8),
('GCH-2004', 'Distillation et extraction', 3, 8),
('GCH-2013', 'Cinétique et catalyse', 3, 8),
('GCH-2105', 'Assainissement industriel', 2, 8),
('GCH-2006', 'Calcul des réacteurs chimiques', 3, 8),
('GCH-2007', 'Laboratoire de procédés chimiques II', 3, 8),
('GCH-3000', 'Dynamique et contrôle des procédés', 3, 8),
('GCH-3005', 'Projet intégrateur en génie chimique', 3, 8),
('GCH-2008', 'Laboratoire de procédés chimiques III', 3, 8),
('GCH-3001', 'Technico-économie : procédés chimiques I', 3, 8),
('GCH-3002', 'CAO en génie chimique', 3, 8),
('GCH-3003', 'Projet de fin d''études', 3, 8),
('GCH-1007', 'Procédés de mise en forme des matières plastiques', 3, 8),
('GCH-2100', 'Génie biochimique II', 3, 8),
('GCH-2102', 'Traitement des eaux usées industrielles', 3, 8),
('GCH-2103', 'Génie biochimique I', 3, 8),
('GCH-2106', 'Introduction à la rhéologie', 3, 8),
('GCH-3100', 'Prévention de la pollution de l''air', 3, 8),
('BCM-2101', 'Introduction à l''assurance qualité', 3, 8),
('GBO-4008', 'Matériaux de fibres cellulosiques', 3, 8),
('GCH-4011', 'Planification et analyse des expériences', 3, 8),
('GMC-3011', 'Systèmes de production', 3, 8),
('GML-2250', 'Propriétés et choix des matériaux', 3, 8),
('GMN-2006', 'Procédés minéralurgiques I', 3, 8),
('GLO-2580', 'Stage en génie logiciel I', 9, 8),
('GLO-2581', 'Stage en génie logiciel II', 9, 8),
('GLO-3590', 'Stage en génie logiciel III', 9, 8),
('GLO-3591', 'Stage en génie logiciel IV', 9, 8),
('GLO-1111', 'Pratique du génie logiciel', 0, 8),
('GLO-2000', 'Réseaux pour ingénieurs', 3, 8),
('GLO-3101', 'Gestion de projets informatiques : méthodes et outils', 3, 8),
('GLO-2003', 'Introduction aux processus du génie logiciel', 3, 8),
('GLO-3102', 'Développement d''applications Web', 3, 8),
('GLO-4000', 'Interface personne-machine', 3, 8),
('GLO-4002', 'Qualité et métriques du logiciel', 3, 8),
('GLO-3013', 'Projet de conception multidisciplinaire', 4, 8),
('IFT-2002', 'Informatique théorique', 3, 8),
('GLO-3004', 'Spécification formelle et vérification de logiciels', 3, 8),
('GLO-4003', 'Architecture logicielle', 3, 8),
('GLO-3002', 'Projet en génie logiciel', 3, 8),
('GLO-3202', 'Sécurité des applications Web', 3, 8),
('GLO-3112', 'Développement avancé d''applications Web', 3, 8),
('GLO-4007', 'Perception 3D pour véhicules autonomes', 3, 8),
('GLO-4030', 'Apprentissage par réseaux de neurones profonds', 3, 8),
('GLO-4035', 'Bases de données avancées', 3, 8),
('IFT-2102', 'Aspects pratiques de la sécurité informatique', 3, 8),
('IFT-3000', 'Langages de programmation', 3, 8),
('IFT-3002', 'Informatique d''enquête', 3, 8),
('IFT-3101', 'Compilation et interprétation', 3, 8),
('IFT-3113', 'Projet de jeu vidéo', 3, 8),
('IFT-3333', 'Projet de recherche', 6, 8),
('IFT-4003', 'Compression de données', 3, 8),
('IFT-4011', 'Introduction à la recherche en informatique : communication et méthodologie', 3, 8),
('IFT-4022', 'Traitement automatique de la langue naturelle', 3, 8),
('IFT-4102', 'Techniques avancées en intelligence artificielle', 3, 8),
('MAT-2200', 'Algèbre linéaire avancée', 3, 8),
('STT-2200', 'Analyse des données', 3, 8),
('ANL-3905', 'English for academic purposes', 3, 8),
('EDC-4000', 'Réussir ses études universitaires à l''ère numérique : rechercher et présenter l''information', 3, 8),
('BCM-1003', 'Métabolisme et régulation', 3, 8),
('BIO-1910', 'Écologie et pollution', 3, 8),
('BIO-2003', 'Biologie moléculaire', 3, 8),
('BIO-4900', 'Écologie et environnement', 3, 8),
('BIO-4902', 'Écologie intégrative des symbioses végétales', 3, 8),
('CHM-1000', 'Structure des atomes et des molécules', 3, 8),
('CHM-1003', 'Chimie organique I', 3, 8),
('CHM-1905', 'Thermodynamique et cinétique', 3, 8),
('GGR-2305', 'Climatologie', 3, 8),
('PHY-2100', 'Sciences de L''espace', 3, 8),
('SBM-1004', 'Introduction à la génétique moléculaire', 3, 8),
('GIN-3580', 'Stage en génie industriel I', 9, 8),
('GIN-3590', 'Stage en génie industriel II', 9, 8),
('GIN-3591', 'Stage en génie industriel III', 9, 8),
('GIN-3592', 'Stage en génie industriel IV', 9, 8),
('GIN-1500', 'Structure et organisation des entreprises', 3, 8),
('GIN-2010', 'Gestion opérationnelle des systèmes d''entreprise', 3, 8),
('GIN-3040', 'Systèmes thermiques et énergétiques', 3, 8),
('GIN-2110', 'Optimisation des systèmes et des réseaux', 3, 8),
('GIN-2120', 'Mécanique et ingénierie des matériaux', 3, 8),
('GIN-3030', 'Électricité et électronique industrielle', 3, 8),
('GIN-3000', 'Simulation des systèmes industriels', 3, 8),
('GIN-3010', 'Conception et implantation des systèmes de production', 3, 8),
('GIN-3020', 'Ingénierie et gestion de la qualité', 3, 8),
('MQT-2100', 'Environnement de développement de SIAD', 3, 8),
('RLT-3300', 'Introduction à L''ergonomie', 3, 8),
('GIN-3050', 'Projets de diagnostic et d''amélioration d''un système', 3, 8),
('GIN-3060', 'Systèmes de gestion intégrée', 3, 8),
('GIN-3080', 'Dynamique de la commande appliquée', 3, 8),
('GIN-3110', 'Environnement et cycle de vie des produits', 3, 8),
('GSO-3103', 'Ingénierie de la chaîne logistique', 3, 8),
('GIN-3200', 'Projets de conception de systèmes industriels', 3, 8),
('GIN-3220', 'Analyse des risques, fiabilité et maintenance', 3, 8),
('CTB-1001', 'Comptabilité de management', 3, 8),
('GIN-3310', 'Projet de fin d''études I', 3, 8),
('GIN-3320', 'Projet de fin d''études II', 3, 8),
('RLT-2002', 'Santé et sécurité du travail', 3, 8),
('GCI-2580', 'Stage en génie civil I', 9, 8),
('GCI-2590', 'Stage en génie civil II', 9, 8),
('GCI-3590', 'Stage en génie civil III', 9, 8),
('GCI-3591', 'Stage en génie civil IV', 9, 8),
('GCI-1001', 'Statique', 3, 8),
('GCI-2000', 'Mécanique des solides déformables', 3, 8),
('GCI-2001', 'Théorie des poutres', 3, 8),
('GCI-2002', 'Mathématiques appliquées', 3, 8),
('GCI-1007', 'Mécanique des sols', 3, 8),
('GCI-2003', 'Analyse des structures', 3, 8),
('GCI-2004', 'Structures de béton', 3, 8),
('GCI-2007', 'Structures métalliques', 3, 8),
('GLG-1900', 'Géologie pour ingénieurs', 3, 8),
('GCI-2011', 'Conception des structures I', 3, 8),
('GCI-3333', 'Projet de génie civil', 6, 8),
('GBO-2040', 'Charpentes en bois I', 3, 8),
('GCI-3002', 'Gestion des eaux', 3, 8),
('GCI-3100', 'Conception et réhabilitation des chaussées', 3, 8),
('GCI-3300', 'Conception des structures II', 3, 8),
('GCI-4007', 'Conception géotechnique assistée par ordinateur', 3, 8),
('GCI-4090', 'Dynamique des structures', 3, 8),
('GCI-4100', 'Entretien et réfection des structures', 3, 8),
('GCI-4401', 'Conception, analyse et dimensionnement des structures en bois', 3, 8),
('GMT-1005', 'Fondements des systèmes d''information géographique', 3, 8),
('GCI-3500', 'Projet de recherche en génie civil', 3, 8),
('DDU-1000', 'Fondements du développement durable', 3, 8),
('FRN-1114', 'Communication écrite en consommation', 3, 8),
('GEX-1580', 'Stage en génie des eaux I', 9, 8),
('GEX-2590', 'Stage en génie des eaux II', 9, 8),
('GEX-2591', 'Stage en génie des eaux III', 9, 8),
('GEX-3590', 'Stage en génie des eaux IV', 9, 8),
('CHM-1903', 'Chimie des eaux', 3, 8),
('GCI-1000', 'Matériaux de construction', 3, 8),
('GCI-1003', 'Eaux vives', 3, 8),
('GCI-1009', 'Dessin, plans et géomatique pour ingénieurs', 3, 8),
('GCI-2008', 'Systèmes hydrauliques', 3, 8),
('GEX-1000', 'Dispersion des polluants', 3, 8),
('MCB-1907', 'Microbiologie pour l''ingénieur', 3, 8),
('GAE-1004', 'Processus des systèmes sol-eau', 3, 8),
('GCI-1900', 'Résistance des matériaux', 3, 8),
('GCI-2010', 'Laboratoire d''hydraulique', 3, 8),
('BIO-1008', 'Écologie générale', 3, 8),
('GCI-2012', 'Hydraulique urbaine', 3, 8),
('GCI-4301', 'Aménagement hydraulique', 3, 8),
('GEX-2004', 'Traitement des eaux usées', 3, 8),
('GMC-3009', 'Gestion de projets en ingénierie', 3, 8),
('GEX-2003', 'Production d''eau potable', 3, 8),
('GEX-4006', 'Analyse hydroéconomique', 3, 8),
('GAE-3006', 'Irrigation', 3, 8),
('GCI-3101', 'Projet d''hydraulique urbaine', 3, 8),
('GEX-3100', 'Projet de gestion de L''eau par bassin versant', 3, 8),
('GEX-3500', 'Projet de production d''eau potable', 3, 8),
('GEX-3502', 'Projet de traitement d''eaux usées', 3, 8),
('GAE-3007', 'Drainage', 3, 8),
('GAE-3008', 'Aménagement des cours d''eau et conservation des sols', 3, 8),
('GCI-2102', 'Gestion intégrée des déchets solides municipaux', 3, 8),
('GCI-4201', 'Géotechnique environnementale', 3, 8),
('DDU-2000', 'Aménagement durable du territoire', 3, 8),
('GEX-3501', 'Projet en recherche', 3, 8),
('GGR-1006', 'Changements climatiques', 3, 8),
('IFT-1902', 'Programmation avec R pour l''analyse de données', 3, 8),
('MCB-4003', 'Bioaérosols et aérobiologie', 3, 8),
('EDC-1001', 'Recherche, analyse et dissertation', 3, 8),
('FRN-1113', 'Principes de la rédaction', 3, 8),
('FRN-1914', 'Communications pour scientifiques', 3, 8),
('PHI-1900', 'Principes de logique', 3, 8),
('GEL-3590', 'Stage en génie électrique II', 9, 8),
('GEL-2580', 'Stage en génie électrique I', 9, 8),
('GEL-3591', 'Stage en génie électrique III', 9, 8),
('GEL-3592', 'Stage en génie électrique IV', 9, 8),
('GEL-2002', 'Électronique des composants discrets', 3, 8),
('GEL-2000', 'Électromagnétisme', 3, 8),
('GEL-2003', 'Électrotechnique', 4, 8),
('GEL-3000', 'Électronique des composants intégrés', 3, 8),
('GEL-3001', 'Machines électriques', 4, 8),
('GEL-3002', 'Transmission des ondes électromagnétiques', 4, 8),
('GEL-3006', 'Systèmes de communications', 4, 8),
('GEL-4250', 'Commande multivariable', 3, 8),
('GEL-4251', 'Identification des systèmes', 3, 8),
('GEL-4201', 'Communications optiques', 3, 8),
('GEL-4202', 'Antennes et propagation radio', 3, 8),
('GEL-4203', 'Optoélectronique', 3, 8),
('GEL-3010', 'Production de l''énergie électrique', 3, 8),
('GEL-3100', 'Réseaux de distribution', 3, 8),
('GEL-3150', 'Appareillage électrique et matériaux', 3, 8),
('GEL-3301', 'Comportement des réseaux électriques', 3, 8),
('GEL-3302', 'Protection des réseaux électriques', 3, 8),
('GEL-4075', 'Énergie renouvelable : production décentralisée et réseaux électriques intelligents', 3, 8),
('GEL-4102', 'Électronique de puissance', 3, 8),
('GEL-4150', 'Réseaux électriques', 3, 8),
('GEL-4151', 'Exploitation de l''énergie électrique', 3, 8),
('GEL-4152', 'Entraînements à vitesse variable', 3, 8),
('GPH-2102', 'Fibre optique', 4, 8),
('GPH-3100', 'Bases de la photonique', 3, 8),
('GPH-4100', 'Lasers et applications', 3, 8),
('GPH-4101', 'Introduction à la conception optique', 3, 8),
('GEL-4073', 'Théorie et application de la biomicrofluidique', 3, 8),
('ENT-1010', 'Being Entrepreneurial: Passion for Creation and Action', 3, 8),
('GGL-3580', 'Stage en génie géologique I', 9, 8),
('GGL-3590', 'Stage en génie géologique II', 9, 8),
('GGL-3591', 'Stage en génie géologique III', 9, 8),
('GGL-3592', 'Stage en génie géologique IV', 9, 8),
('GGL-1000', 'Profession de géologue et d''ingénieur en géologie', 1, 8),
('GLG-1000', 'Planète Terre', 3, 8),
('GLG-1001', 'Géologie appliquée', 2, 8),
('GLG-1002', 'Matériaux de l''écorce terrestre', 3, 8),
('GSC-1000', 'Méthodologie de design en ingénierie', 3, 8),
('GGL-1006', 'Représentation spatiale de l''information géo-environnementale', 3, 8),
('GGL-2601', 'Analyse et modélisation des systèmes naturels', 3, 8),
('GLG-1003', 'Minéralogie appliquée', 3, 8),
('GLG-1005', 'Géochimie', 3, 8),
('GGL-2602', 'Géophysique appliquée', 3, 8),
('GGL-4601', 'Quaternaire et analyse des terrains', 3, 8),
('GLG-2000', 'Magmatisme', 3, 8),
('GLG-2001', 'Géologie sédimentaire', 3, 8),
('STT-1900', 'Méthodes statistiques pour ingénieurs', 3, 8),
('GCI-1004', 'Mécanique des fluides', 3, 8),
('GCI-1901', 'Éléments de mécanique des sols', 3, 8),
('GGL-2600', 'Hydrogéologie', 3, 8),
('GLG-2002', 'Déformations dans la croûte terrestre', 3, 8),
('GLG-2003', 'Cartographie géologique', 3, 8),
('GGL-2100', 'Excursion géologique en exploration minérale', 1, 8),
('GGL-2101', 'Exploration minérale', 2, 8),
('GGL-2604', 'Géomatériaux de construction', 3, 8),
('GGL-2605', 'Géochimie de L''environnement et de L''exploration minérale', 3, 8),
('GMN-2001', 'Mécanique des roches', 3, 8),
('GGL-2609', 'Hydrogéologie environnementale', 3, 8),
('GGL-3600', 'Méthodes de terrain en génie géologique', 3, 8),
('GGL-4602', 'Intégration des données géoscientifiques', 3, 8),
('GGL-3710', 'Projet de conception en génie géologique', 3, 8),
('GGL-4600', 'Analyse et gestion des risques naturels', 3, 8),
('GGL-4001', 'Projets en hydrogéologie', 3, 8),
('GLG-3003', 'Camp de cartographie avancée', 3, 8),
('IFT-1903', 'Informatique pour l''ingénieur', 3, 8),
('CHM-2150', 'Chimie au service de L''environnement', 3, 8),
('GCI-2005', 'Mécanique des sols II', 3, 8),
('GCI-2006', 'Fondations', 3, 8),
('GCI-2009', 'Hydrologie', 3, 8),
('GCI-2101', 'Géotechnique routière', 3, 8),
('GCI-3000', 'Pratique de la géotechnique', 3, 8),
('GCI-3001', 'Impacts environnementaux', 3, 8),
('GCI-3005', 'Introduction au génie de L''environnement', 3, 8),
('GEX-2001', 'Interventions en bassin versant', 3, 8),
('GGL-2700', 'Analyse géologique des diagraphies', 3, 8),
('GGL-3701', 'Conception en génie géologique II', 3, 8),
('GLG-1006', 'Paléontologie et évolution', 3, 8),
('GLG-2004', 'Métamorphisme', 3, 8),
('GLG-3001', 'Géodynamique', 3, 8),
('GLG-3002', 'Excursion géologique', 3, 8),
('GLG-4000', 'Gîtes minéraux', 3, 8),
('GMN-2000', 'Technologies d''excavation', 3, 8),
('GMN-2003', 'Estimation et évaluation minière', 3, 8),
('GMN-2005', 'Environnement minier et métallurgique', 3, 8),
('GMN-4001', 'Conception des ouvrages dans le roc', 3, 8),
('IFT-1004', 'Introduction à la programmation', 3, 8),
('SLS-4000', 'Sciences environnementales du sol', 3, 8),
('ANL-3010', 'Advanced English I', 3, 8),
('ANL-3020', 'Advanced English II', 3, 8),
('GIF-3590', 'Stage en génie informatique II', 9, 8),
('GIF-2580', 'Stage en génie informatique I', 9, 8),
('GIF-3591', 'Stage en génie informatique III', 9, 8),
('GIF-3592', 'Stage en génie informatique IV', 9, 8),
('GEL-1000', 'Circuits', 3, 8),
('GEL-1002', 'Systèmes et mesures', 3, 8),
('MAT-1900', 'Mathématiques de l''ingénieur I', 3, 8),
('GIF-1001', 'Ordinateurs : structure et applications', 3, 8),
('GIF-1003', 'Programmation avancée en C++', 3, 8),
('GIF-2000', 'Électronique pour ingénieurs informaticiens', 3, 8),
('MAT-1910', 'Mathématiques de l''ingénieur II', 3, 8),
('GEL-2001', 'Analyse des signaux', 3, 8),
('GIF-4202', 'Conception de systèmes VLSI', 3, 8),
('GLO-2100', 'Algorithmes et structures de données pour ingénieurs', 3, 8),
('MAT-2930', 'Algèbre linéaire appliquée', 3, 8),
('GEL-2007', 'Design II (modélisation)', 4, 8),
('GIF-3001', 'Réseaux de transmission de données', 3, 8),
('GLO-2001', 'Systèmes d''exploitation pour ingénieurs', 3, 8),
('MAT-1919', 'Mathématiques pour informaticien', 3, 8),
('GEL-3003', 'Signaux et systèmes discrets', 3, 8),
('GIF-3000', 'Architecture des microprocesseurs', 3, 8),
('GIF-3002', 'Systèmes microprocesseurs et interfaces', 4, 8),
('GLO-2004', 'Génie logiciel orienté objet', 3, 8),
('GEL-2910', 'Électromagnétisme appliqué', 3, 8),
('GEL-3014', 'Design III (intégration)', 4, 8),
('GIF-3004', 'Systèmes embarqués temps réel', 3, 8),
('GEL-3020', 'Design IV (synthèse - définition du projet)', 1, 8),
('GEL-3021', 'Design IV (synthèse - réalisation du projet)', 3, 8),
('BCM-1001', 'Biochimie structurale', 3, 8),
('GEL-3007', 'Physique des composants électroniques', 3, 8),
('MCB-1000', 'Microbiologie générale', 3, 8),
('PHY-1000', 'Introduction à l''astrophysique', 3, 8),
('GEL-4069', 'Microélectronique analogique et mixte', 3, 8),
('GEL-4072', 'Bio-instrumentation et microsystèmes biomédicaux', 3, 8),
('GEL-4074', 'Ingénierie de la compatibilité électromagnétique', 3, 8),
('GEL-4101', 'Traitement numérique du signal', 3, 8),
('GIF-4103', 'Capteurs et systèmes d''imagerie', 3, 8),
('GIF-4201', 'Microélectronique numérique', 3, 8),
('GIF-3101', 'Informatique mobile et applications', 3, 8),
('GLO-2005', 'Modèles et langages des bases de données pour ingénieurs', 3, 8),
('GLO-4027', 'Analyse et traitement de données massives', 3, 8),
('IFT-1003', 'Analyse et conception de systèmes d''information', 3, 8),
('IFT-3001', 'Conception et analyse d''algorithmes', 3, 8),
('GEL-4200', 'Communications numériques', 3, 8),
('GEL-4064', 'Théorie et pratique des codes correcteurs', 3, 8),
('GIF-4104', 'Programmation parallèle et distribuée', 3, 8),
('GLO-3100', 'Cryptographie et sécurité informatique', 3, 8),
('IFT-3201', 'Sécurité dans les réseaux informatiques', 3, 8),
('GIF-4100', 'Vision numérique', 3, 8),
('GIF-4101', 'Introduction à l''apprentissage machine', 3, 8),
('GIF-4105', 'Photographie algorithmique', 3, 8),
('GLO-4001', 'Introduction à la robotique mobile', 3, 8),
('IFT-2103', 'Programmation de jeux vidéo', 3, 8),
('IFT-3100', 'Infographie', 3, 8),
('GEL-4100', 'Commande industrielle', 3, 8),
('IFT-4001', 'Optimisation combinatoire', 3, 8),
('MAT-2910', 'Analyse numérique pour l''ingénieur', 3, 8),
('ENT-3000', 'Portfolio entrepreneurial I', 3, 8),
('ENT-3010', 'Portfolio entrepreneurial II', 3, 8),
('CTB-1000', 'Comptabilité générale', 3, 8),
('DRT-1720', 'Droit des affaires', 3, 8),
('ENT-1000', 'Savoir entreprendre : la passion de créer et d''agir', 3, 8),
('GSF-1020', 'Économie de L''entreprise', 3, 8),
('GSO-1000', 'Opérations et logistique', 3, 8),
('GSO-2100', 'Introduction à la gestion de projets', 3, 8),
('MNG-1000', 'L''entreprise et sa gestion', 3, 8),
('MRK-1000', 'Marketing', 3, 8),
('RLT-1000', 'Fondements en relations industrielles', 3, 8),
('RLT-1700', 'Aspects administratifs et humains de la gestion', 3, 8),
('CTB-1106', 'Introduction to Accounting', 3, 8),
('GSF-1025', 'Business Economics', 3, 8),
('GSO-1100', 'Operations and Logistics', 3, 8),
('MNG-1002', 'Management', 3, 8),
('MRK-1101', 'Marketing Management', 3, 8),
('GMN-2901', 'Santé et sécurité pour ingénieur II', 2, 8),
('GMN-2902', 'Santé et sécurité pour ingénieur III', 3, 8),
('MED-1100', 'Santé et sécurité au travail : notions de base', 3, 8),
('GPH-2590', 'Stage en génie physique I', 9, 8),
('GPH-2591', 'Stage en génie physique II', 9, 8),
('GPH-3590', 'Stage en génie physique III', 9, 8),
('GPH-3591', 'Stage en génie physique IV', 9, 8),
('GLO-1901', 'Introduction à la programmation avec Python', 3, 8),
('GMC-1000', 'Dessin pour ingénieurs', 3, 8),
('GPH-1000', 'Pratique du génie physique', 1, 8),
('PHY-1001', 'Physique mathématique I', 3, 8),
('PHY-1002', 'Physique mathématique II', 3, 8),
('PHY-1003', 'Mécanique et relativité restreinte', 3, 8),
('GEL-1001', 'Design I (méthodologie)', 3, 8),
('GPH-2006', 'Électronique et mesures expérimentales', 3, 8),
('PHY-1004', 'Physique mathématique III', 3, 8),
('PHY-1005', 'Ondes et systèmes linéaires', 3, 8),
('PHY-1007', 'Électromagnétisme', 3, 8),
('GEL-2005', 'Systèmes et commande linéaires', 3, 8),
('GIF-1002', 'Circuits logiques', 3, 8),
('GMC-1002', 'Introduction à la thermodynamique', 3, 8),
('GML-1001', 'Matériaux de l''ingénieur', 3, 8),
('PHY-2001', 'Ondes électromagnétiques', 3, 8),
('GEL-1799', 'Dangers de l''électricité', 0, 8),
('GMC-1003', 'Introduction à la mécanique des fluides', 3, 8),
('GMN-2900', 'Santé et sécurité pour ingénieur I', 1, 8),
('GPH-1799', 'Sécurité oculaire et dangers optiques', 0, 8),
('GPH-2004', 'Travaux pratiques d''optique photonique I', 3, 8),
('GPH-2005', 'Optique instrumentale', 3, 8),
('GPH-2104', 'Modélisation en génie physique', 4, 8),
('PHY-1006', 'Physique quantique', 3, 8),
('ECN-2901', 'Analyse économique en ingénierie', 3, 8),
('GMC-3005', 'Transferts thermiques', 3, 8),
('GPH-2002', 'Physique atomique et nucléaire', 3, 8),
('GPH-3004', 'Mécanique quantique pour l''ingénieur', 3, 8),
('PHI-3900', 'Éthique et professionnalisme', 3, 8),
('STT-2920', 'Probabilités pour ingénieurs', 3, 8),
('GMC-2001', 'Résistance des matériaux', 3, 8),
('GPH-3110', 'Projet de conception en génie physique', 3, 8),
('PHY-3500', 'Physique numérique', 3, 8),
('GPH-3000', 'Travaux pratiques avancés', 3, 8),
('GPH-3001', 'Projet de fin d''études', 3, 8),
('PHI-2910', 'Génie et développement durable', 3, 8),
('PHY-3003', 'Physique de l''état solide', 3, 8),
('ANL-2020', 'Intermediate English II', 3, 8);

INSERT INTO Concentration(id, nomConcentration, sigleProgramme)
    Value
(0, null, 'GLO'),
(1, 'Études-travail', 'GCH'),
(2, 'Génie biochimique et génie environnemental', 'GCH'),
(3, 'Traitement de données massives', 'GLO'),
(4, 'Jeux vidéo et réalité virtuelle', 'GLO'),
(5, 'Systèmes industriels et embarqués', 'GLO'),
(6, 'Sécurité informatique', 'GLO'),
(7, 'Approche généraliste', 'GIN'),
(8, 'Ingénierie de la chaîne logistique et des réseaux de création', 'GIN'),
(9, 'Ingénierie de l''information des systèmes d''entreprise', 'GIN'),
(10, 'Systèmes productiques et distributiques', 'GIN'),
(11, 'Environnement et ressources hydriques', 'GCI'),
(12, 'Infrastructures urbaines', 'GCI'),
(13, 'Structures et géotechnique', 'GCI'),
(14, 'Projets techniques en eau', 'GEX'),
(15, 'Environnement et ressources en eau', 'GGL'),
(16, 'Exploration et ressources minérales', 'GGL'),
(17, 'Géotechnique, matériaux et risques naturels', 'GGL'),
(18, 'Aéronautique et aérospatiale', 'GPH'),
(19, 'Électricité, Électronique et puissance', 'GPH'),
(20, 'Environnement', 'GPH'),
(21, 'Génie médical et biophotonique', 'GPH'),
(22, 'Photonique', 'GPH'),
(23, 'Génie des matériaux', 'GPH'),
(24, 'Signaux et communications', 'GPH');


INSERT INTO Appartient(id, sigleProgramme, sigleCours,typeCours,disponibilite, regle, creditRegle, nomConcentration)
    Value
(1, 'GCH', 'GCH-2591', 'o', 'H', null, null, null),
(2, 'GCH', 'GCH-2590', 'o', 'H', null, null, null),
(3, 'GCH', 'GCH-3590', 'o', 'H', null, null, null),
(4, 'GCH', 'GCH-3591', 'o', 'H', null, null, null),
(5, 'GCH', 'GCH-1000', 'o', null, null, null, null),
(6, 'GCH', 'GML-1001', 'o', null, null, null, null),
(7, 'GCH', 'MAT-1900', 'o', null, null, null, null),
(8, 'GCH', 'STT-1900', 'o', null, null, null, null),
(9, 'GCH', 'GCH-1001', 'o', null, null, null, null),
(10, 'GCH', 'GCH-1002', 'o', null, null, null, null),
(11, 'GCH', 'IFT-1903', 'o', null, null, null, null),
(12, 'GCH', 'MAT-1910', 'o', null, null, null, null),
(13, 'GCH', 'MAT-2910', 'o', null, null, null, null),
(14, 'GCH', 'CHM-1901', 'o', null, null, null, null),
(15, 'GCH', 'CHM-1902', 'o', null, null, null, null),
(16, 'GCH', 'GCH-1003', 'o', null, null, null, null),
(17, 'GCH', 'GCH-1004', 'o', null, null, null, null),
(18, 'GCH', 'GCH-1005', 'o', null, null, null, null),
(19, 'GCH', 'MAT-2900', 'o', null, null, null, null),
(20, 'GCH', 'BCM-1904', 'o', 'H', null, null, null),
(21, 'GCH', 'GCH-2000', 'o', null, null, null, null),
(22, 'GCH', 'GCH-2002', 'o', null, null, null, null),
(23, 'GCH', 'GCH-2012', 'o', null, null, null, null),
(24, 'GCH', 'GCH-2104', 'o', null, null, null, null),
(25, 'GCH', 'GML-2900', 'o', null, null, null, null),
(26, 'GCH', 'GCH-2003', 'o', null, null, null, null),
(27, 'GCH', 'GCH-2004', 'o', null, null, null, null),
(28, 'GCH', 'GCH-2013', 'o', null, null, null, null),
(29, 'GCH', 'GCH-2105', 'o', null, null, null, null),
(30, 'GCH', 'PHI-2910', 'o', 'H', null, null, null),
(31, 'GCH', 'ECN-2901', 'o', 'H', null, null, null),
(32, 'GCH', 'GCH-2006', 'o', null, null, null, null),
(33, 'GCH', 'GCH-2007', 'o', null, null, null, null),
(34, 'GCH', 'GCH-3000', 'o', null, null, null, null),
(35, 'GCH', 'GCH-3005', 'o', null, null, null, null),
(36, 'GCH', 'GCH-2008', 'o', null, null, null, null),
(37, 'GCH', 'GCH-3001', 'o', null, null, null, null),
(38, 'GCH', 'GCH-3002', 'o', null, null, null, null),
(39, 'GCH', 'GCH-3003', 'o', null, null, null, null),
(40, 'GCH', 'GMC-3009', 'o', null, null, null, null),
(41, 'GCH', 'PHI-3900', 'o', 'H', null, null, null),
(42, 'GCH', 'GCH-1007', 'p', 'H', '1', '6', null),
(43, 'GCH', 'GCH-2100', 'p', null, '1', '6', null),
(44, 'GCH', 'GCH-2102', 'p', null, '1', '6', null),
(45, 'GCH', 'GCH-2103', 'p', null, '1', '6', null),
(46, 'GCH', 'GCH-2106', 'p', null, '1', '6', null),
(47, 'GCH', 'GCH-3100', 'p', null, '1', '6', null),
(48, 'GCH', 'BCM-2101', 'p', null, '2', '6', null),
(49, 'GCH', 'GBO-4008', 'p', null, '2', '6', null),
(50, 'GCH', 'GCH-4011', 'p', null, '2', '6', null),
(51, 'GCH', 'GEL-4100', 'p', null, '2', '6', null),
(52, 'GCH', 'GLG-1000', 'p', 'H', '2', '6', null),
(53, 'GCH', 'GLO-1901', 'p', null, '2', '6', null),
(54, 'GCH', 'GMC-1000', 'p', null, '2', '6', null),
(55, 'GCH', 'GMC-3011', 'p', null, '2', '6', null),
(56, 'GCH', 'GML-2250', 'p', null, '2', '6', null),
(57, 'GCH', 'GMN-2006', 'p', null, '2', '6', null),
(58, 'GCH', 'MNG-1000', 'p', 'H', '2', '6', null),
(59, 'GCH', 'ANL-2020', 'p', 'H', '3', '3', null),
(60, 'GCH', 'ANL-3020', 'p', 'H', '3', '3', null),
(61, 'GCH', 'GCH-2100', 'p', null, '1', '6', 'études-travail'),
(62, 'GCH', 'GCH-2102', 'p', null, '1', '6', 'études-travail'),
(63, 'GCH', 'GCH-2103', 'p', null, '1', '6', 'études-travail'),
(64, 'GCH', 'GCH-2106', 'p', null, '1', '6', 'études-travail'),
(65, 'GCH', 'GCH-3100', 'p', null, '1', '6', 'études-travail'),
(66, 'GCH', 'BCM-2101', 'p', null, '2', '6', 'études-travail'),
(67, 'GCH', 'GCH-4011', 'p', null, '2', '6', 'études-travail'),
(68, 'GCH', 'GEL-4100', 'p', null, '2', '6', 'études-travail'),
(69, 'GCH', 'GLO-1901', 'p', null, '2', '6', 'études-travail'),
(70, 'GCH', 'GMC-1000', 'p', null, '2', '6', 'études-travail'),
(71, 'GCH', 'GMC-3011', 'p', null, '2', '6', 'études-travail'),
(72, 'GCH', 'GML-2250', 'p', null, '2', '6', 'études-travail'),
(73, 'GCH', 'GMN-2006', 'p', null, '2', '6', 'études-travail'),
(74, 'GCH', 'MNG-1000', 'p', 'H', '2', '6', 'études-travail'),
(75, 'GCH', 'ANL-2020', 'p', 'H', '3', '3', 'études-travail'),
(76, 'GCH', 'ANL-3020', 'p', 'H', '3', '3', 'études-travail'),
(77, 'GCH', 'GCH-2100', 'o', null, null, '12', 'Génie biochimique et génie environnemental'),
(78, 'GCH', 'GCH-2102', 'o', null, null, '12', 'Génie biochimique et génie environnemental'),
(79, 'GCH', 'GCH-2103', 'o', null, null, '12', 'Génie biochimique et génie environnemental'),
(80, 'GCH', 'GCH-3100', 'o', null, null, '12', 'Génie biochimique et génie environnemental'),
(81, 'GCH', 'ANL-2020', 'p', 'H', '1', '3', 'Génie biochimique et génie environnemental'),
(82, 'GCH', 'ANL-3020', 'p', 'H', '1', '3', 'Génie biochimique et génie environnemental'),
(83, 'GLO', 'GLO-2580', 'o', 'H', null, null, null),
(84, 'GLO', 'GLO-2581', 'o', 'H', null, null, null),
(85, 'GLO', 'GLO-3590', 'o', 'H', null, null, null),
(86, 'GLO', 'GLO-3591', 'o', 'H', null, null, null),
(87, 'GLO', 'GIF-1002', 'o', null, null, null, null),
(88, 'GLO', 'GLO-1111', 'o', null, null, null, null),
(89, 'GLO', 'GLO-1901', 'o', null, null, null, null),
(90, 'GLO', 'MAT-1900', 'o', null, null, null, null),
(91, 'GLO', 'MAT-1919', 'o', null, null, null, null),
(92, 'GLO', 'GEL-1001', 'o', null, null, null, null),
(93, 'GLO', 'GIF-1001', 'o', null, null, null, null),
(94, 'GLO', 'GIF-1003', 'o', null, null, null, null),
(95, 'GLO', 'MAT-1910', 'o', null, null, null, null),
(96, 'GLO', 'GLO-2000', 'o', null, null, null, null),
(97, 'GLO', 'GLO-2004', 'o', null, null, null, null),
(98, 'GLO', 'GLO-2100', 'o', null, null, null, null),
(99, 'GLO', 'GLO-3101', 'o', null, null, null, null),
(100, 'GLO', 'STT-2920', 'o', null, null, null, null),
(101, 'GLO', 'ECN-2901', 'o', 'H', null, null, null),
(102, 'GLO', 'GLO-2001', 'o', null, null, null, null),
(103, 'GLO', 'GLO-2003', 'o', null, null, null, null),
(104, 'GLO', 'GLO-2005', 'o', null, null, null, null),
(105, 'GLO', 'GLO-3102', 'o', null, null, null, null),
(106, 'GLO', 'GLO-4000', 'o', null, null, null, null),
(107, 'GLO', 'GLO-4002', 'o', null, null, null, null),
(108, 'GLO', 'IFT-3001', 'o', null, null, null, null),
(109, 'GLO', 'MAT-2930', 'o', null, null, null, null),
(110, 'GLO', 'GLO-3013', 'o', null, null, null, null),
(111, 'GLO', 'GMN-2901', 'o', null, null, null, null),
(112, 'GLO', 'IFT-2002', 'o', null, null, null, null),
(113, 'GLO', 'GLO-3004', 'o', null, null, null, null),
(114, 'GLO', 'GLO-4003', 'o', null, null, null, null),
(115, 'GLO', 'PHI-2910', 'o', 'H', null, null, null),
(116, 'GLO', 'PHI-3900', 'o', 'H', null, null, null),
(117, 'GLO', 'GLO-3002', 'o', null, null, null, null),
(118, 'GLO', 'MAT-2910', 'o', null, null, null, null),
(119, 'GLO', 'GLO-3100', 'o', null, null, null, null),
(120, 'GLO', 'GLO-3202', 'o', null, null, null, null),
(121, 'GLO', 'ANL-2020', 'p', 'H', '1', '3', null),
(122, 'GLO', 'GEL-1000', 'p', null, '2', '9', null),
(123, 'GLO', 'GIF-3000', 'p', null, '2', '9', null),
(124, 'GLO', 'GIF-3004', 'p', null, '2', '9', null),
(125, 'GLO', 'GIF-3101', 'p', null, '2', '9', null),
(126, 'GLO', 'GIF-4100', 'p', null, '2', '9', null),
(127, 'GLO', 'GIF-4101', 'p', null, '2', '9', null),
(128, 'GLO', 'GIF-4104', 'p', null, '2', '9', null),
(129, 'GLO', 'GIF-4105', 'p', null, '2', '9', null),
(130, 'GLO', 'GIN-2010', 'p', null, '2', '9', null),
(131, 'GLO', 'GLO-3112', 'p', null, '2', '9', null),
(132, 'GLO', 'GLO-4001', 'p', null, '2', '9', null),
(133, 'GLO', 'GLO-4007', 'p', null, '2', '9', null),
(134, 'GLO', 'GLO-4027', 'p', null, '2', '9', null),
(135, 'GLO', 'GLO-4030', 'p', null, '2', '9', null),
(136, 'GLO', 'GLO-4035', 'p', null, '2', '9', null),
(137, 'GLO', 'IFT-2102', 'p', null, '2', '9', null),
(138, 'GLO', 'IFT-2103', 'p', null, '2', '9', null),
(139, 'GLO', 'IFT-3000', 'p', 'H', '2', '9', null),
(140, 'GLO', 'IFT-3002', 'p', null, '2', '9', null),
(141, 'GLO', 'IFT-3100', 'p', null, '2', '9', null),
(142, 'GLO', 'IFT-3101', 'p', null, '2', '9', null),
(143, 'GLO', 'IFT-3113', 'p', null, '2', '9', null),
(144, 'GLO', 'IFT-3201', 'p', null, '2', '9', null),
(145, 'GLO', 'IFT-3333', 'p', null, '2', '9', null),
(146, 'GLO', 'IFT-4001', 'p', null, '2', '9', null),
(147, 'GLO', 'IFT-4003', 'p', null, '2', '9', null),
(148, 'GLO', 'IFT-4011', 'p', null, '2', '9', null),
(149, 'GLO', 'IFT-4022', 'p', null, '2', '9', null),
(150, 'GLO', 'IFT-4102', 'p', null, '2', '9', null),
(151, 'GLO', 'MAT-2200', 'p', null, '2', '9', null),
(152, 'GLO', 'STT-2200', 'p', null, '2', '9', null),
(153, 'GLO', 'ANL-3905', 'p', null, '3', '3', null),
(154, 'GLO', 'DDU-1000', 'p', 'H', '3', '3', null),
(155, 'GLO', 'EDC-4000', 'p', 'H', '3', '3', null),
(156, 'GLO', 'ENT-1000', 'p', 'H', '3', '3', null),
(157, 'GLO', 'GSF-1020', 'p', 'H', '3', '3', null),
(158, 'GLO', 'GSO-1000', 'p', 'H', '3', '3', null),
(159, 'GLO', 'MRK-1000', 'p', 'H', '3', '3', null),
(160, 'GLO', 'PHI-1900', 'p', 'H', '3', '3', null),
(161, 'GLO', 'RLT-1000', 'p', null, '3', '3', null),
(162, 'GLO', 'RLT-1700', 'p', null, '3', '3', null),
(163, 'GLO', 'BCM-1001', 'p', null, '4', '9', null),
(164, 'GLO', 'BCM-1003', 'p', null, '4', '9', null),
(165, 'GLO', 'BIO-1910', 'p', null, '4', '9', null),
(166, 'GLO', 'BIO-2003', 'p', null, '4', '9', null),
(167, 'GLO', 'BIO-4900', 'p', null, '4', '9', null),
(168, 'GLO', 'BIO-4902', 'p', null, '4', '9', null),
(169, 'GLO', 'CHM-1000', 'p', null, '4', '9', null),
(170, 'GLO', 'CHM-1003', 'p', null, '4', '9', null),
(171, 'GLO', 'CHM-1905', 'p', null, '4', '9', null),
(172, 'GLO', 'GGR-2305', 'p', 'H', '4', '9', null),
(173, 'GLO', 'GMC-1003', 'p', null, '4', '9', null),
(174, 'GLO', 'MCB-1000', 'p', null, '4', '9', null),
(175, 'GLO', 'PHY-1000', 'p', null, '4', '9', null),
(176, 'GLO', 'PHY-1003', 'p', null, '4', '9', null),
(177, 'GLO', 'PHY-1006', 'p', null, '4', '9', null),
(178, 'GLO', 'PHY-1007', 'p', null, '4', '9', null),
(179, 'GLO', 'PHY-2100', 'p', null, '4', '9', null),
(180, 'GLO', 'SBM-1004', 'p', null, '4', '9', null),
(181, 'GLO', 'GLO-4027', 'o', null, null, '6', 'Traitement de données massives'),
(182, 'GLO', 'GLO-4035', 'o', null, null, '6', 'Traitement de données massives'),
(183, 'GLO', 'GIF-4101', 'p', null, '1', '3', 'Traitement de données massives'),
(184, 'GLO', 'GIF-4104', 'p', null, '1', '3', 'Traitement de données massives'),
(185, 'GLO', 'GLO-4030', 'p', null, '1', '3', 'Traitement de données massives'),
(186, 'GLO', 'IFT-4001', 'p', null, '1', '3', 'Traitement de données massives'),
(187, 'GLO', 'IFT-4102', 'p', null, '1', '3', 'Traitement de données massives'),
(188, 'GLO', 'STT-2200', 'p', null, '1', '3', 'Traitement de données massives'),
(189, 'GLO', 'GIF-4100', 'p', null, '1', '9', 'Jeux vidéo et réalité virtuelle'),
(190, 'GLO', 'GIF-4104', 'p', null, '1', '9', 'Jeux vidéo et réalité virtuelle'),
(191, 'GLO', 'IFT-2103', 'p', null, '1', '9', 'Jeux vidéo et réalité virtuelle'),
(192, 'GLO', 'IFT-3100', 'p', null, '1', '9', 'Jeux vidéo et réalité virtuelle'),
(193, 'GLO', 'IFT-3113', 'p', null, '1', '9', 'Jeux vidéo et réalité virtuelle'),
(194, 'GLO', 'IFT-4102', 'p', null, '1', '9', 'Jeux vidéo et réalité virtuelle'),
(195, 'GLO', 'GEL-1000', 'p', null, '1', '9', 'Systèmes industriels et embarqués'),
(196, 'GLO', 'GIF-3000', 'p', null, '1', '9', 'Systèmes industriels et embarqués'),
(197, 'GLO', 'GIF-3004', 'p', null, '1', '9', 'Systèmes industriels et embarqués'),
(198, 'GLO', 'GIF-4104', 'p', null, '1', '9', 'Systèmes industriels et embarqués'),
(199, 'GLO', 'GIN-2010', 'p', null, '1', '9', 'Systèmes industriels et embarqués'),
(200, 'GLO', 'GLO-4001', 'p', null, '1', '9', 'Systèmes industriels et embarqués'),
(201, 'GLO', 'IFT-4001', 'p', null, '1', '9', 'Systèmes industriels et embarqués'),
(202, 'GLO', 'GLO-3112', 'p', null, '1', '9', 'Sécurité informatique'),
(203, 'GLO', 'IFT-2102', 'p', null, '1', '9', 'Sécurité informatique'),
(204, 'GLO', 'IFT-3000', 'p', 'H', '1', '9', 'Sécurité informatique'),
(205, 'GLO', 'IFT-3002', 'p', null, '1', '9', 'Sécurité informatique'),
(206, 'GLO', 'IFT-3101', 'p', null, '1', '9', 'Sécurité informatique'),
(207, 'GLO', 'IFT-3201', 'p', null, '1', '9', 'Sécurité informatique'),
(208, 'GIN', 'GIN-3580', 'o', 'H', null, null, null),
(209, 'GIN', 'GIN-3590', 'o', 'H', null, null, null),
(210, 'GIN', 'GIN-3591', 'o', 'H', null, null, null),
(211, 'GIN', 'GIN-3592', 'o', 'H', null, null, null),
(212, 'GIN', 'GIN-1500', 'o', null, null, null, null),
(213, 'GIN', 'GMC-1000', 'o', null, null, null, null),
(214, 'GIN', 'GSC-1000', 'o', null, null, null, null),
(215, 'GIN', 'MAT-1900', 'o', null, null, null, null),
(216, 'GIN', 'STT-1900', 'o', null, null, null, null),
(217, 'GIN', 'ECN-2901', 'o', 'H', null, null, null),
(218, 'GIN', 'GIN-2010', 'o', null, null, null, null),
(219, 'GIN', 'GIN-3040', 'o', null, null, null, null),
(220, 'GIN', 'GLO-1901', 'o', null, null, null, null),
(221, 'GIN', 'MAT-1910', 'o', null, null, null, null),
(222, 'GIN', 'GIN-2110', 'o', null, null, null, null),
(223, 'GIN', 'GIN-2120', 'o', null, null, null, null),
(224, 'GIN', 'GIN-3030', 'o', null, null, null, null),
(225, 'GIN', 'GSO-2100', 'o', null, null, null, null),
(226, 'GIN', 'MAT-2910', 'o', null, null, null, null),
(227, 'GIN', 'GIN-3000', 'o', null, null, null, null),
(228, 'GIN', 'GIN-3010', 'o', null, null, null, null),
(229, 'GIN', 'GIN-3020', 'o', null, null, null, null),
(230, 'GIN', 'MQT-2100', 'o', null, null, null, null),
(231, 'GIN', 'RLT-3300', 'o', 'H', null, null, null),
(232, 'GIN', 'GIN-3050', 'o', null, null, null, null),
(233, 'GIN', 'GIN-3060', 'o', null, null, null, null),
(234, 'GIN', 'GIN-3080', 'o', null, null, null, null),
(235, 'GIN', 'GIN-3110', 'o', null, null, null, null),
(236, 'GIN', 'GSO-3103', 'o', null, null, null, null),
(237, 'GIN', 'GIN-3200', 'o', 'H', null, null, null),
(238, 'GIN', 'GIN-3220', 'o', null, null, null, null),
(239, 'GIN', 'CTB-1001', 'o', 'H', null, null, null),
(240, 'GIN', 'GIN-3310', 'o', null, null, null, null),
(241, 'GIN', 'RLT-1700', 'o', null, null, null, null),
(242, 'GIN', 'GIN-3320', 'o', null, null, null, null),
(243, 'GIN', 'PHI-3900', 'o', 'H', null, null, null),
(244, 'GIN', 'MED-1100', 'o', 'H', null, null, null),
(245, 'GIN', 'RLT-2002', 'o', null, null, null, null),
(246, 'GIN', 'ANL-2020', 'p', 'H', '1', '3', null),
(247, 'GIN', 'GIF-1003', 'p', null, '1', '15', 'Approche généraliste'),
(248, 'GIN', 'GIN-4021', 'p', null, '1', '15', 'Approche généraliste'),
(249, 'GIN', 'GMC-2007', 'p', null, '1', '15', 'Approche généraliste'),
(250, 'GIN', 'GMC-4100', 'p', null, '1', '15', 'Approche généraliste'),
(251, 'GIN', 'GMC-4200', 'p', null, '1', '15', 'Approche généraliste'),
(252, 'GIN', 'GMC-4202', 'p', null, '1', '15', 'Approche généraliste'),
(253, 'GIN', 'GSO-2102', 'p', null, '1', '15', 'Approche généraliste'),
(254, 'GIN', 'GSO-2104', 'p', null, '1', '15', 'Approche généraliste'),
(255, 'GIN', 'GSO-2105', 'p', null, '1', '15', 'Approche généraliste'),
(256, 'GIN', 'IFT-1003', 'p', null, '1', '15', 'Approche généraliste'),
(257, 'GIN', 'BIO-1910', 'p', null, '2', '3', 'Approche généraliste'),
(258, 'GIN', 'BIO-2909', 'p', null, '2', '3', 'Approche généraliste'),
(259, 'GIN', 'BIO-4900', 'p', null, '2', '3', 'Approche généraliste'),
(260, 'GIN', 'CHM-2150', 'p', null, '2', '3', 'Approche généraliste'),
(261, 'GIN', 'MCB-1909', 'p', 'H', '2', '3', 'Approche généraliste'),
(262, 'GIN', 'PHY-1000', 'p', null, '2', '3', 'Approche généraliste'),
(263, 'GIN', 'PHY-2100', 'p', null, '2', '3', 'Approche généraliste'),
(264, 'GIN', 'GIN-4021', 'o', null, null, '3', 'Ingénierie de la chaéne logistique et des réseaux de création'),
(265, 'GIN', 'GSO-2102', 'p', null, '1', '3', 'Ingénierie de la chaéne logistique et des réseaux de création'),
(266, 'GIN', 'GSO-2104', 'p', null, '1', '3', 'Ingénierie de la chaéne logistique et des réseaux de création'),
(267, 'GIN', 'GSO-2105', 'p', null, '1', '3', 'Ingénierie de la chaéne logistique et des réseaux de création'),
(268, 'GIN', 'GGR-2109', 'p', null, '2', '3', 'Ingénierie de la chaéne logistique et des réseaux de création'),
(269, 'GIN', 'GLO-2005', 'p', null, '2', '3', 'Ingénierie de la chaéne logistique et des réseaux de création'),
(270, 'GIN', 'GSO-2106', 'p', null, '2', '3', 'Ingénierie de la chaéne logistique et des réseaux de création'),
(271, 'GIN', 'MNG-2100', 'p', null, '2', '3', 'Ingénierie de la chaéne logistique et des réseaux de création'),
(272, 'GIN', 'SIO-2100', 'p', null, '2', '3', 'Ingénierie de la chaéne logistique et des réseaux de création'),
(273, 'GIN', 'SIO-2104', 'p', null, '2', '3', 'Ingénierie de la chaéne logistique et des réseaux de création'),
(274, 'GIN', 'GIF-1003', 'p', null, '3', '6', 'Ingénierie de la chaéne logistique et des réseaux de création'),
(275, 'GIN', 'GMC-2007', 'p', null, '3', '6', 'Ingénierie de la chaéne logistique et des réseaux de création'),
(276, 'GIN', 'GMC-4100', 'p', null, '3', '6', 'Ingénierie de la chaéne logistique et des réseaux de création'),
(277, 'GIN', 'GMC-4200', 'p', null, '3', '6', 'Ingénierie de la chaéne logistique et des réseaux de création'),
(278, 'GIN', 'GMC-4202', 'p', null, '3', '6', 'Ingénierie de la chaéne logistique et des réseaux de création'),
(279, 'GIN', 'IFT-1003', 'p', null, '3', '6', 'Ingénierie de la chaéne logistique et des réseaux de création'),
(280, 'GIN', 'MNG-3103', 'p', 'H', '4', '3', 'Ingénierie de la chaéne logistique et des réseaux de création'),
(281, 'GIN', 'BIO-1910', 'p', null, '5', '3', 'Ingénierie de la chaéne logistique et des réseaux de création'),
(282, 'GIN', 'BIO-2909', 'p', null, '5', '3', 'Ingénierie de la chaéne logistique et des réseaux de création'),
(283, 'GIN', 'BIO-4900', 'p', null, '5', '3', 'Ingénierie de la chaéne logistique et des réseaux de création'),
(284, 'GIN', 'CHM-2150', 'p', null, '5', '3', 'Ingénierie de la chaéne logistique et des réseaux de création'),
(285, 'GIN', 'MCB-1909', 'p', 'H', '5', '3', 'Ingénierie de la chaéne logistique et des réseaux de création'),
(286, 'GIN', 'PHY-1000', 'p', null, '5', '3', 'Ingénierie de la chaéne logistique et des réseaux de création'),
(287, 'GIN', 'PHY-2100', 'p', null, '5', '3', 'Ingénierie de la chaéne logistique et des réseaux de création'),
(288, 'GIN', 'GIF-1003', 'o', null, null, '3', 'Ingénierie de l"information des Systèmes d"entreprise'),
(289, 'GIN', 'IFT-1003', 'p', null, '1', '3', 'Ingénierie de l"information des Systèmes d"entreprise'),
(290, 'GIN', 'SIO-2103', 'p', null, '1', '3', 'Ingénierie de l"information des Systèmes d"entreprise'),
(291, 'GIN', 'GIN-4021', 'p', null, '2', '3', 'Ingénierie de l"information des Systèmes d"entreprise'),
(292, 'GIN', 'GLO-2004', 'p', null, '2', '3', 'Ingénierie de l"information des Systèmes d"entreprise'),
(293, 'GIN', 'GLO-2005', 'p', null, '2', '3', 'Ingénierie de l"information des Systèmes d"entreprise'),
(294, 'GIN', 'GLO-2100', 'p', null, '2', '3', 'Ingénierie de l"information des Systèmes d"entreprise'),
(295, 'GIN', 'GLO-4000', 'p', null, '2', '3', 'Ingénierie de l"information des Systèmes d"entreprise'),
(296, 'GIN', 'IFT-4102', 'p', null, '2', '3', 'Ingénierie de l"information des Systèmes d"entreprise'),
(297, 'GIN', 'SIO-2100', 'p', null, '2', '3', 'Ingénierie de l"information des Systèmes d"entreprise'),
(298, 'GIN', 'SIO-2104', 'p', null, '2', '3', 'Ingénierie de l"information des Systèmes d"entreprise'),
(299, 'GIN', 'SIO-3100', 'p', null, '2', '3', 'Ingénierie de l"information des Systèmes d"entreprise'),
(300, 'GIN', 'GMC-2007', 'p', null, '3', '6', 'Ingénierie de l"information des Systèmes d"entreprise'),
(301, 'GIN', 'GMC-4100', 'p', null, '3', '6', 'Ingénierie de l"information des Systèmes d"entreprise'),
(302, 'GIN', 'GMC-4200', 'p', null, '3', '6', 'Ingénierie de l"information des Systèmes d"entreprise'),
(303, 'GIN', 'GMC-4202', 'p', null, '3', '6', 'Ingénierie de l"information des Systèmes d"entreprise'),
(304, 'GIN', 'GSO-2102', 'p', null, '3', '6', 'Ingénierie de l"information des Systèmes d"entreprise'),
(305, 'GIN', 'GSO-2104', 'p', null, '3', '6', 'Ingénierie de l"information des Systèmes d"entreprise'),
(306, 'GIN', 'GSO-2105', 'p', null, '3', '6', 'Ingénierie de l"information des Systèmes d"entreprise'),
(307, 'GIN', 'MNG-3103', 'p', 'H', '4', '3', 'Ingénierie de l"information des Systèmes d"entreprise'),
(308, 'GIN', 'BIO-1910', 'p', null, '5', '3', 'Ingénierie de l"information des Systèmes d"entreprise'),
(309, 'GIN', 'BIO-2909', 'p', null, '5', '3', 'Ingénierie de l"information des Systèmes d"entreprise'),
(310, 'GIN', 'BIO-4900', 'p', null, '5', '3', 'Ingénierie de l"information des Systèmes d"entreprise'),
(311, 'GIN', 'CHM-2150', 'p', null, '5', '3', 'Ingénierie de l"information des Systèmes d"entreprise'),
(312, 'GIN', 'MCB-1909', 'p', 'H', '5', '3', 'Ingénierie de l"information des Systèmes d"entreprise'),
(313, 'GIN', 'PHY-1000', 'p', null, '5', '3', 'Ingénierie de l"information des Systèmes d"entreprise'),
(314, 'GIN', 'PHY-2100', 'p', null, '5', '3', 'Ingénierie de l"information des Systèmes d"entreprise'),
(315, 'GIN', 'GMC-2007', 'o', null, null, '3', 'Systèmes productiques et distributiques'),
(316, 'GIN', 'GMC-4100', 'p', null, '1', '6', 'Systèmes productiques et distributiques'),
(317, 'GIN', 'GMC-4200', 'p', null, '1', '6', 'Systèmes productiques et distributiques'),
(318, 'GIN', 'GMC-4202', 'p', null, '1', '6', 'Systèmes productiques et distributiques'),
(319, 'GIN', 'GGR-2109', 'p', null, '2', '3', 'Systèmes productiques et distributiques'),
(320, 'GIN', 'GLO-2005', 'p', null, '2', '3', 'Systèmes productiques et distributiques'),
(321, 'GIN', 'GSO-2102', 'p', null, '2', '3', 'Systèmes productiques et distributiques'),
(322, 'GIN', 'GSO-2104', 'p', null, '2', '3', 'Systèmes productiques et distributiques'),
(323, 'GIN', 'GIF-1003', 'p', null, '3', '3', 'Systèmes productiques et distributiques'),
(324, 'GIN', 'GIN-4021', 'p', null, '3', '3', 'Systèmes productiques et distributiques'),
(325, 'GIN', 'GSO-2105', 'p', null, '3', '3', 'Systèmes productiques et distributiques'),
(326, 'GIN', 'IFT-1003', 'p', null, '3', '3', 'Systèmes productiques et distributiques'),
(327, 'GIN', 'BIO-1910', 'p', null, '4', '3', 'Systèmes productiques et distributiques'),
(328, 'GIN', 'BIO-2909', 'p', null, '4', '3', 'Systèmes productiques et distributiques'),
(329, 'GIN', 'BIO-4900', 'p', null, '4', '3', 'Systèmes productiques et distributiques'),
(330, 'GIN', 'CHM-2150', 'p', null, '4', '3', 'Systèmes productiques et distributiques'),
(331, 'GIN', 'MCB-1909', 'p', 'H', '4', '3', 'Systèmes productiques et distributiques'),
(332, 'GIN', 'PHY-1000', 'p', null, '4', '3', 'Systèmes productiques et distributiques'),
(333, 'GIN', 'PHY-2100', 'p', null, '4', '3', 'Systèmes productiques et distributiques'),
(334, 'GCI', 'GCI-2580', 'o', 'H', null, null, null),
(335, 'GCI', 'GCI-2590', 'o', 'H', null, null, null),
(336, 'GCI', 'GCI-3590', 'o', 'H', null, null, null),
(337, 'GCI', 'GCI-3591', 'o', 'H', null, null, null),
(338, 'GCI', 'GCI-1000', 'o', null, null, null, null),
(339, 'GCI', 'GCI-1001', 'o', null, null, null, null),
(340, 'GCI', 'GCI-1009', 'o', null, null, null, null),
(341, 'GCI', 'GSC-1000', 'o', null, null, null, null),
(342, 'GCI', 'MAT-1900', 'o', null, null, null, null),
(343, 'GCI', 'GCI-2000', 'o', null, null, null, null),
(344, 'GCI', 'GMN-2902', 'o', null, null, null, null),
(345, 'GCI', 'IFT-1903', 'o', null, null, null, null),
(346, 'GCI', 'MAT-1910', 'o', null, null, null, null),
(347, 'GCI', 'MAT-2910', 'o', null, null, null, null),
(348, 'GCI', 'GCI-1003', 'o', null, null, null, null),
(349, 'GCI', 'GCI-2001', 'o', null, null, null, null),
(350, 'GCI', 'GCI-2002', 'o', null, null, null, null),
(351, 'GCI', 'GCI-1004', 'o', null, null, null, null),
(352, 'GCI', 'GCI-1007', 'o', null, null, null, null),
(353, 'GCI', 'GCI-2003', 'o', null, null, null, null),
(354, 'GCI', 'GCI-2004', 'o', null, null, null, null),
(355, 'GCI', 'GMC-3009', 'o', null, null, null, null),
(356, 'GCI', 'STT-1900', 'o', null, null, null, null),
(357, 'GCI', 'GCI-2006', 'o', null, null, null, null),
(358, 'GCI', 'GCI-2007', 'o', null, null, null, null),
(359, 'GCI', 'GCI-2008', 'o', null, null, null, null),
(360, 'GCI', 'GCI-2009', 'o', null, null, null, null),
(361, 'GCI', 'GLG-1900', 'o', null, null, null, null),
(362, 'GCI', 'ECN-2901', 'o', 'H', null, null, null),
(363, 'GCI', 'GCI-2010', 'o', null, null, null, null),
(364, 'GCI', 'GCI-2011', 'o', null, null, null, null),
(365, 'GCI', 'GCI-3000', 'o', null, null, null, null),
(366, 'GCI', 'GCI-3005', 'o', null, null, null, null),
(367, 'GCI', 'GCI-2012', 'o', null, null, null, null),
(368, 'GCI', 'GCI-3001', 'o', null, null, null, null),
(369, 'GCI', 'GCI-3333', 'o', null, null, null, null),
(370, 'GCI', 'PHI-2910', 'o', 'H', null, null, null),
(371, 'GCI', 'PHI-3900', 'o', 'H', null, null, null),
(372, 'GCI', 'GBO-2040', 'p', null, '1', '9', null),
(373, 'GCI', 'GCI-2101', 'p', null, '1', '9', null),
(374, 'GCI', 'GCI-2102', 'p', null, '1', '9', null),
(375, 'GCI', 'GCI-3002', 'p', null, '1', '9', null),
(376, 'GCI', 'GCI-3100', 'p', null, '1', '9', null),
(377, 'GCI', 'GCI-3101', 'p', null, '1', '9', null),
(378, 'GCI', 'GCI-3300', 'p', null, '1', '9', null),
(379, 'GCI', 'GCI-4007', 'p', null, '1', '9', null),
(380, 'GCI', 'GCI-4090', 'p', null, '1', '9', null),
(381, 'GCI', 'GCI-4100', 'p', null, '1', '9', null),
(382, 'GCI', 'GCI-4201', 'p', null, '1', '9', null),
(383, 'GCI', 'GCI-4301', 'p', null, '1', '9', null),
(384, 'GCI', 'GCI-4401', 'p', null, '1', '9', null),
(385, 'GCI', 'GMT-1005', 'p', null, '1', '9', null),
(386, 'GCI', 'ENT-1000', 'p', 'H', '2', '3', null),
(387, 'GCI', 'GCI-3500', 'p', 'H', '2', '3', null),
(388, 'GCI', 'DDU-1000', 'p', 'H', '2', '3', null),
(389, 'GCI', 'ANL-2020', 'p', 'H', '3', '3', null),
(390, 'GCI', 'ANL-3010', 'p', 'H', '3', '3', null),
(391, 'GCI', 'ANL-3020', 'p', 'H', '3', '3', null),
(392, 'GCI', 'EDC-1001', 'p', null, '3', '3', null),
(393, 'GCI', 'FRN-1114', 'p', null, '3', '3', null),
(394, 'GCI', 'FRN-1914', 'p', 'H', '3', '3', null),
(395, 'GCI', 'PHI-1900', 'p', 'H', '3', '3', null),
(396, 'GCI', 'GCI-2102', 'p', null, '1', '12', 'Environnement et ressources hydriques'),
(397, 'GCI', 'GCI-3002', 'p', null, '1', '12', 'Environnement et ressources hydriques'),
(398, 'GCI', 'GCI-3101', 'p', null, '1', '12', 'Environnement et ressources hydriques'),
(399, 'GCI', 'GCI-4201', 'p', null, '1', '12', 'Environnement et ressources hydriques'),
(400, 'GCI', 'GCI-4301', 'p', null, '1', '12', 'Environnement et ressources hydriques'),
(401, 'GCI', 'GMT-1005', 'p', null, '1', '12', 'Environnement et ressources hydriques'),
(402, 'GCI', 'ANL-2020', 'p', 'H', '2', '3', 'Environnement et ressources hydriques'),
(403, 'GCI', 'ANL-3010', 'p', 'H', '2', '3', 'Environnement et ressources hydriques'),
(404, 'GCI', 'ANL-3020', 'p', 'H', '2', '3', 'Environnement et ressources hydriques'),
(405, 'GCI', 'EDC-1001', 'p', null, '2', '3', 'Environnement et ressources hydriques'),
(406, 'GCI', 'FRN-1113', 'p', null, '2', '3', 'Environnement et ressources hydriques'),
(407, 'GCI', 'FRN-1914', 'p', 'H', '2', '3', 'Environnement et ressources hydriques'),
(408, 'GCI', 'PHI-1900', 'p', 'H', '2', '3', 'Environnement et ressources hydriques'),
(409, 'GCI', 'GCI-2101', 'p', null, '1', '12', 'Infrastructures urbaines'),
(410, 'GCI', 'GCI-2102', 'p', null, '1', '12', 'Infrastructures urbaines'),
(411, 'GCI', 'GCI-3002', 'p', null, '1', '12', 'Infrastructures urbaines'),
(412, 'GCI', 'GCI-3100', 'p', null, '1', '12', 'Infrastructures urbaines'),
(413, 'GCI', 'GCI-3101', 'p', null, '1', '12', 'Infrastructures urbaines'),
(414, 'GCI', 'GCI-4100', 'p', null, '1', '12', 'Infrastructures urbaines'),
(415, 'GCI', 'ANL-2020', 'p', 'H', '2', '3', 'Infrastructures urbaines'),
(416, 'GCI', 'ANL-3010', 'p', 'H', '2', '3', 'Infrastructures urbaines'),
(417, 'GCI', 'ANL-3020', 'p', 'H', '2', '3', 'Infrastructures urbaines'),
(418, 'GCI', 'EDC-1001', 'p', null, '2', '3', 'Infrastructures urbaines'),
(419, 'GCI', 'FRN-1113', 'p', null, '2', '3', 'Infrastructures urbaines'),
(420, 'GCI', 'FRN-1914', 'p', 'H', '2', '3', 'Infrastructures urbaines'),
(421, 'GCI', 'PHI-1900', 'p', 'H', '2', '3', 'Infrastructures urbaines'),
(422, 'GCI', 'GBO-2040', 'p', null, '1', '12', 'Structures et géotechnique'),
(423, 'GCI', 'GCI-2101', 'p', null, '1', '12', 'Structures et géotechnique'),
(424, 'GCI', 'GCI-3100', 'p', null, '1', '12', 'Structures et géotechnique'),
(425, 'GCI', 'GCI-3300', 'p', null, '1', '12', 'Structures et géotechnique'),
(426, 'GCI', 'GCI-4007', 'p', null, '1', '12', 'Structures et géotechnique'),
(427, 'GCI', 'GCI-4090', 'p', null, '1', '12', 'Structures et géotechnique'),
(428, 'GCI', 'GCI-4100', 'p', null, '1', '12', 'Structures et géotechnique'),
(429, 'GCI', 'GCI-4401', 'p', null, '1', '12', 'Structures et géotechnique'),
(430, 'GCI', 'ANL-2020', 'p', 'H', '2', '3', 'Structures et géotechnique'),
(431, 'GCI', 'ANL-3010', 'p', 'H', '2', '3', 'Structures et géotechnique'),
(432, 'GCI', 'ANL-3020', 'p', 'H', '2', '3', 'Structures et géotechnique'),
(433, 'GCI', 'EDC-1001', 'p', null, '2', '3', 'Structures et géotechnique'),
(434, 'GCI', 'FRN-1113', 'p', null, '2', '3', 'Structures et géotechnique'),
(435, 'GCI', 'FRN-1914', 'p', 'H', '2', '3', 'Structures et géotechnique'),
(436, 'GCI', 'PHI-1900', 'p', 'H', '2', '3', 'Structures et géotechnique'),
(437, 'GEX', 'GEX-1580', 'o', 'H', null, null, null),
(438, 'GEX', 'GEX-2590', 'o', 'H', null, null, null),
(439, 'GEX', 'GEX-2591', 'o', 'H', null, null, null),
(440, 'GEX', 'GEX-3590', 'o', 'H', null, null, null),
(441, 'GEX', 'CHM-1903', 'o', null, null, null, null),
(442, 'GEX', 'GCI-1000', 'o', null, null, null, null),
(443, 'GEX', 'GCI-1003', 'o', null, null, null, null),
(444, 'GEX', 'GSC-1000', 'o', null, null, null, null),
(445, 'GEX', 'MAT-1900', 'o', null, null, null, null),
(446, 'GEX', 'GCI-1004', 'o', null, null, null, null),
(447, 'GEX', 'GGL-2600', 'o', null, null, null, null),
(448, 'GEX', 'IFT-1903', 'o', null, null, null, null),
(449, 'GEX', 'MAT-1910', 'o', null, null, null, null),
(450, 'GEX', 'STT-1900', 'o', null, null, null, null),
(451, 'GEX', 'GCI-1009', 'o', null, null, null, null),
(452, 'GEX', 'GCI-2008', 'o', null, null, null, null),
(453, 'GEX', 'GCI-2009', 'o', null, null, null, null),
(454, 'GEX', 'GEX-1000', 'o', null, null, null, null),
(455, 'GEX', 'MCB-1907', 'o', null, null, null, null),
(456, 'GEX', 'GAE-1004', 'o', null, null, null, null),
(457, 'GEX', 'GCI-1900', 'o', null, null, null, null),
(458, 'GEX', 'GCI-2010', 'o', null, null, null, null),
(459, 'GEX', 'GMN-2902', 'o', null, null, null, null),
(460, 'GEX', 'MAT-2910', 'o', null, null, null, null),
(461, 'GEX', 'BIO-1008', 'o', null, null, null, null),
(462, 'GEX', 'GCI-2012', 'o', null, null, null, null),
(463, 'GEX', 'GCI-4301', 'o', null, null, null, null),
(464, 'GEX', 'GEX-2004', 'o', null, null, null, null),
(465, 'GEX', 'GMC-3009', 'o', null, null, null, null),
(466, 'GEX', 'ECN-2901', 'o', 'H', null, null, null),
(467, 'GEX', 'GEX-2001', 'o', null, null, null, null),
(468, 'GEX', 'GEX-2003', 'o', null, null, null, null),
(469, 'GEX', 'GEX-4006', 'o', null, null, null, null),
(470, 'GEX', 'GAE-3006', 'o', null, null, null, null),
(471, 'GEX', 'PHI-2910', 'o', 'H', null, null, null),
(472, 'GEX', 'GCI-3001', 'o', null, null, null, null),
(473, 'GEX', 'PHI-3900', 'o', 'H', null, null, null),
(474, 'GEX', 'GCI-3101', 'p', null, '1', '9', null),
(475, 'GEX', 'GEX-3100', 'p', null, '1', '9', null),
(476, 'GEX', 'GEX-3500', 'p', null, '1', '9', null),
(477, 'GEX', 'GEX-3502', 'p', null, '1', '9', null),
(478, 'GEX', 'GGL-4001', 'p', null, '1', '9', null),
(479, 'GEX', 'GAE-3007', 'p', null, '2', '3', null),
(480, 'GEX', 'GAE-3008', 'p', null, '2', '3', null),
(481, 'GEX', 'GCI-2102', 'p', null, '2', '3', null),
(482, 'GEX', 'GCI-4201', 'p', null, '2', '3', null),
(483, 'GEX', 'GGL-2609', 'p', null, '2', '3', null),
(484, 'GEX', 'GMN-2005', 'p', null, '2', '3', null),
(485, 'GEX', 'DDU-2000', 'p', 'H', '3', '3', null),
(486, 'GEX', 'ENT-1000', 'p', 'H', '3', '3', null),
(487, 'GEX', 'GEX-3501', 'p', 'H', '3', '3', null),
(488, 'GEX', 'GGL-2601', 'p', null, '3', '3', null),
(489, 'GEX', 'GGR-1006', 'p', null, '3', '3', null),
(490, 'GEX', 'GLO-1901', 'p', null, '3', '3', null),
(491, 'GEX', 'IFT-1902', 'p', null, '3', '3', null),
(492, 'GEX', 'MCB-4003', 'p', null, '3', '3', null),
(493, 'GEX', 'ANL-2020', 'p', 'H', '4', '3', null),
(494, 'GEX', 'ANL-3010', 'p', 'H', '4', '3', null),
(495, 'GEX', 'ANL-3020', 'p', 'H', '4', '3', null),
(496, 'GEX', 'EDC-1001', 'p', null, '4', '3', null),
(497, 'GEX', 'FRN-1113', 'p', null, '4', '3', null),
(498, 'GEX', 'FRN-1914', 'p', 'H', '4', '3', null),
(499, 'GEX', 'PHI-1900', 'p', 'H', '4', '3', null),
(500, 'GEX', 'GCI-3101', 'o', null, null, '9', 'Projets techniques en eau'),
(501, 'GEX', 'GEX-3500', 'o', null, null, '9', 'Projets techniques en eau'),
(502, 'GEX', 'GEX-3502', 'o', null, null, '9', 'Projets techniques en eau'),
(503, 'GEX', 'GEX-3100', 'p', null, '1', '3', 'Projets techniques en eau'),
(504, 'GEX', 'GGL-4001', 'p', null, '1', '3', 'Projets techniques en eau'),
(505, 'GEX', 'GCI-2102', 'p', null, '2', '6', 'Projets techniques en eau'),
(506, 'GEX', 'GGL-2609', 'p', null, '2', '6', 'Projets techniques en eau'),
(507, 'GEX', 'GMN-2005', 'p', null, '2', '6', 'Projets techniques en eau'),
(508, 'GEX', 'ANL-2020', 'p', 'H', '3', '3', 'Projets techniques en eau'),
(509, 'GEX', 'ANL-3010', 'p', 'H', '3', '3', 'Projets techniques en eau'),
(510, 'GEX', 'ANL-3020', 'p', 'H', '3', '3', 'Projets techniques en eau'),
(511, 'GEX', 'EDC-1001', 'p', null, '3', '3', 'Projets techniques en eau'),
(512, 'GEX', 'FRN-1113', 'p', null, '3', '3', 'Projets techniques en eau'),
(513, 'GEX', 'FRN-1914', 'p', 'H', '3', '3', 'Projets techniques en eau'),
(514, 'GEX', 'PHI-1900', 'p', 'H', '3', '3', 'Projets techniques en eau'),
(515, 'GEL', 'GEL-3590', 'o', 'H', null, null, null),
(516, 'GEL', 'GEL-2580', 'o', 'H', null, null, null),
(517, 'GEL', 'GEL-3591', 'o', 'H', null, null, null),
(518, 'GEL', 'GEL-3592', 'o', 'H', null, null, null),
(519, 'GEL', 'GEL-1000', 'o', null, null, null, null),
(520, 'GEL', 'GEL-1002', 'o', null, null, null, null),
(521, 'GEL', 'GEL-1799', 'o', null, null, null, null),
(522, 'GEL', 'GIF-1002', 'o', null, null, null, null),
(523, 'GEL', 'GLO-1901', 'o', null, null, null, null),
(524, 'GEL', 'MAT-1900', 'o', null, null, null, null),
(525, 'GEL', 'GEL-1001', 'o', null, null, null, null),
(526, 'GEL', 'GEL-2002', 'o', null, null, null, null),
(527, 'GEL', 'GIF-1001', 'o', null, null, null, null),
(528, 'GEL', 'GIF-1003', 'o', null, null, null, null),
(529, 'GEL', 'MAT-1910', 'o', null, null, null, null),
(530, 'GEL', 'GEL-2000', 'o', null, null, null, null),
(531, 'GEL', 'GEL-2001', 'o', null, null, null, null),
(532, 'GEL', 'GEL-2005', 'o', null, null, null, null),
(533, 'GEL', 'MAT-2930', 'o', null, null, null, null),
(534, 'GEL', 'STT-2920', 'o', null, null, null, null),
(535, 'GEL', 'GEL-2003', 'o', null, null, null, null),
(536, 'GEL', 'GEL-2007', 'o', null, null, null, null),
(537, 'GEL', 'GEL-3000', 'o', null, null, null, null),
(538, 'GEL', 'GML-1001', 'o', null, null, null, null),
(539, 'GEL', 'GEL-3001', 'o', null, null, null, null),
(540, 'GEL', 'GEL-3002', 'o', null, null, null, null),
(541, 'GEL', 'GEL-3003', 'o', null, null, null, null),
(542, 'GEL', 'GEL-3006', 'o', null, null, null, null),
(543, 'GEL', 'ECN-2901', 'o', 'H', null, null, null),
(544, 'GEL', 'GEL-3007', 'o', null, null, null, null),
(545, 'GEL', 'GEL-3014', 'o', null, null, null, null),
(546, 'GEL', 'MAT-2910', 'o', null, null, null, null),
(547, 'GEL', 'PHI-2910', 'o', 'H', null, null, null),
(548, 'GEL', 'PHI-3900', 'o', 'H', null, null, null),
(549, 'GEL', 'GEL-3020', 'o', null, null, null, null),
(550, 'GEL', 'GEL-3021', 'o', null, null, null, null),
(551, 'GEL', 'GEL-4100', 'p', null, '1', '15', null),
(552, 'GEL', 'GEL-4250', 'p', null, '1', '15', null),
(553, 'GEL', 'GEL-4251', 'p', null, '1', '15', null),
(554, 'GEL', 'GIF-4103', 'p', null, '1', '15', null),
(555, 'GEL', 'GEL-4064', 'p', null, '1', '15', null),
(556, 'GEL', 'GEL-4074', 'p', null, '1', '15', null),
(557, 'GEL', 'GEL-4101', 'p', null, '1', '15', null),
(558, 'GEL', 'GEL-4200', 'p', null, '1', '15', null),
(559, 'GEL', 'GEL-4201', 'p', null, '1', '15', null),
(560, 'GEL', 'GEL-4202', 'p', null, '1', '15', null),
(561, 'GEL', 'GEL-4203', 'p', null, '1', '15', null),
(562, 'GEL', 'GIF-3001', 'p', null, '1', '15', null),
(563, 'GEL', 'GEL-3010', 'p', null, '1', '15', null),
(564, 'GEL', 'GEL-3100', 'p', null, '1', '15', null),
(565, 'GEL', 'GEL-3150', 'p', null, '1', '15', null),
(566, 'GEL', 'GEL-3301', 'p', null, '1', '15', null),
(567, 'GEL', 'GEL-3302', 'p', null, '1', '15', null),
(568, 'GEL', 'GEL-4075', 'p', null, '1', '15', null),
(569, 'GEL', 'GEL-4102', 'p', null, '1', '15', null),
(570, 'GEL', 'GEL-4150', 'p', null, '1', '15', null),
(571, 'GEL', 'GEL-4151', 'p', null, '1', '15', null),
(572, 'GEL', 'GEL-4152', 'p', null, '1', '15', null),
(573, 'GEL', 'GPH-2102', 'p', null, '1', '15', null),
(574, 'GEL', 'GPH-3100', 'p', null, '1', '15', null),
(575, 'GEL', 'GPH-4100', 'p', null, '1', '15', null),
(576, 'GEL', 'GPH-4101', 'p', null, '1', '15', null),
(577, 'GEL', 'GIF-3000', 'p', null, '1', '15', null),
(578, 'GEL', 'GIF-3002', 'p', null, '1', '15', null),
(579, 'GEL', 'GLO-2001', 'p', null, '1', '15', null),
(580, 'GEL', 'GEL-4069', 'p', null, '1', '15', null),
(581, 'GEL', 'GEL-4072', 'p', null, '1', '15', null),
(582, 'GEL', 'GEL-4073', 'p', 'H', '1', '15', null),
(583, 'GEL', 'GIF-4201', 'p', null, '1', '15', null),
(584, 'GEL', 'GIF-4202', 'p', null, '1', '15', null),
(585, 'GEL', 'GIF-3101', 'p', null, '1', '15', null),
(586, 'GEL', 'GIF-4100', 'p', null, '1', '15', null),
(587, 'GEL', 'GIF-4101', 'p', null, '1', '15', null),
(588, 'GEL', 'GIF-4105', 'p', null, '1', '15', null),
(589, 'GEL', 'GLO-2004', 'p', null, '1', '15', null),
(590, 'GEL', 'GLO-2100', 'p', null, '1', '15', null),
(591, 'GEL', 'GLO-4001', 'p', null, '1', '15', null),
(592, 'GEL', 'ENT-3000', 'p', 'H', '1', '15', null),
(593, 'GEL', 'ENT-3010', 'p', 'H', '1', '15', null),
(594, 'GEL', 'CTB-1000', 'p', 'H', '2', '3', null),
(595, 'GEL', 'DRT-1720', 'p', null, '2', '3', null),
(596, 'GEL', 'ENT-1000', 'p', 'H', '2', '3', null),
(597, 'GEL', 'GSF-1020', 'p', 'H', '2', '3', null),
(598, 'GEL', 'GSO-1000', 'p', 'H', '2', '3', null),
(599, 'GEL', 'GSO-2100', 'p', null, '2', '3', null),
(600, 'GEL', 'MNG-1000', 'p', 'H', '2', '3', null),
(601, 'GEL', 'MRK-1000', 'p', 'H', '2', '3', null),
(602, 'GEL', 'RLT-1000', 'p', null, '2', '3', null),
(603, 'GEL', 'RLT-1700', 'p', null, '2', '3', null),
(604, 'GEL', 'CTB-1106', 'p', null, '2', '3', null),
(605, 'GEL', 'ENT-1010', 'p', null, '2', '3', null),
(606, 'GEL', 'GSF-1025', 'p', null, '2', '3', null),
(607, 'GEL', 'MNG-1002', 'p', null, '2', '3', null),
(608, 'GEL', 'MRK-1101', 'p', null, '2', '3', null),
(609, 'GEL', 'GMN-2901', 'p', null, '3', '3', null),
(610, 'GEL', 'GMN-2902', 'p', null, '3', '3', null),
(611, 'GEL', 'MED-1100', 'p', 'H', '3', '3', null),
(612, 'GEL', 'ANL-2020', 'p', 'H', '4', '3', null),
(613, 'GGL', 'GGL-3580', 'o', 'H', null, null, null),
(614, 'GGL', 'GGL-3590', 'o', 'H', null, null, null),
(615, 'GGL', 'GGL-3591', 'o', 'H', null, null, null),
(616, 'GGL', 'GGL-3592', 'o', 'H', null, null, null),
(617, 'GGL', 'GGL-1000', 'o', null, null, null, null),
(618, 'GGL', 'GLG-1000', 'o', 'H', null, null, null),
(619, 'GGL', 'GLG-1001', 'o', null, null, null, null),
(620, 'GGL', 'GLG-1002', 'o', null, null, null, null),
(621, 'GGL', 'GSC-1000', 'o', null, null, null, null),
(622, 'GGL', 'MAT-1900', 'o', null, null, null, null),
(623, 'GGL', 'GGL-1006', 'o', null, null, null, null),
(624, 'GGL', 'GGL-2601', 'o', null, null, null, null),
(625, 'GGL', 'GLG-1003', 'o', null, null, null, null),
(626, 'GGL', 'GLG-1005', 'o', null, null, null, null),
(627, 'GGL', 'MAT-1910', 'o', null, null, null, null),
(628, 'GGL', 'GGL-2602', 'o', null, null, null, null),
(629, 'GGL', 'GGL-4601', 'o', null, null, null, null),
(630, 'GGL', 'GLG-2000', 'o', null, null, null, null),
(631, 'GGL', 'GLG-2001', 'o', null, null, null, null),
(632, 'GGL', 'STT-1900', 'o', null, null, null, null),
(633, 'GGL', 'GCI-1004', 'o', null, null, null, null),
(634, 'GGL', 'GCI-1901', 'o', null, null, null, null),
(635, 'GGL', 'GGL-2600', 'o', null, null, null, null),
(636, 'GGL', 'GLG-2002', 'o', null, null, null, null),
(637, 'GGL', 'GLG-2003', 'o', null, null, null, null),
(638, 'GGL', 'PHI-2910', 'o', 'H', null, null, null),
(639, 'GGL', 'GGL-2100', 'o', null, null, null, null),
(640, 'GGL', 'GGL-2101', 'o', null, null, null, null),
(641, 'GGL', 'GGL-2604', 'o', null, null, null, null),
(642, 'GGL', 'ECN-2901', 'o', 'H', null, null, null),
(643, 'GGL', 'GGL-2605', 'o', null, null, null, null),
(644, 'GGL', 'GMN-2001', 'o', null, null, null, null),
(645, 'GGL', 'MAT-2910', 'o', null, null, null, null),
(646, 'GGL', 'GGL-2609', 'o', null, null, null, null),
(647, 'GGL', 'GGL-3600', 'o', null, null, null, null),
(648, 'GGL', 'GGL-4602', 'o', null, null, null, null),
(649, 'GGL', 'GGL-3710', 'o', null, null, null, null),
(650, 'GGL', 'GGL-4600', 'o', null, null, null, null),
(651, 'GGL', 'PHI-3900', 'o', 'H', null, null, null),
(652, 'GGL', 'GMN-2902', 'o', null, null, null, null),
(653, 'GGL', 'MED-1100', 'o', 'H', null, null, null),
(654, 'GGL', 'GGL-4001', 'o', null, null, null, null),
(655, 'GGL', 'GLG-3003', 'o', null, null, null, null),
(656, 'GGL', 'GLO-1901', 'o', null, null, null, null),
(657, 'GGL', 'IFT-1903', 'o', null, null, null, null),
(658, 'GGL', 'CHM-2150', 'p', null, '1', '9', null),
(659, 'GGL', 'GCI-2005', 'p', null, '1', '9', null),
(660, 'GGL', 'GCI-2006', 'p', null, '1', '9', null),
(661, 'GGL', 'GCI-2009', 'p', null, '1', '9', null),
(662, 'GGL', 'GCI-2101', 'p', null, '1', '9', null),
(663, 'GGL', 'GCI-3000', 'p', null, '1', '9', null),
(664, 'GGL', 'GCI-3001', 'p', null, '1', '9', null),
(665, 'GGL', 'GCI-3005', 'p', null, '1', '9', null),
(666, 'GGL', 'GEX-2001', 'p', null, '1', '9', null),
(667, 'GGL', 'GGL-2700', 'p', null, '1', '9', null),
(668, 'GGL', 'GGL-3701', 'p', null, '1', '9', null),
(669, 'GGL', 'GLG-1006', 'p', null, '1', '9', null),
(670, 'GGL', 'GLG-2004', 'p', null, '1', '9', null),
(671, 'GGL', 'GLG-3001', 'p', null, '1', '9', null),
(672, 'GGL', 'GLG-3002', 'p', null, '1', '9', null),
(673, 'GGL', 'GLG-4000', 'p', null, '1', '9', null),
(674, 'GGL', 'GMN-2000', 'p', null, '1', '9', null),
(675, 'GGL', 'GMN-2003', 'p', null, '1', '9', null),
(676, 'GGL', 'GMN-2005', 'p', null, '1', '9', null),
(677, 'GGL', 'GMN-4001', 'p', null, '1', '9', null),
(678, 'GGL', 'IFT-1004', 'p', 'H', '1', '9', null),
(679, 'GGL', 'SLS-4000', 'p', null, '1', '9', null),
(680, 'GGL', 'ANL-2020', 'p', 'H', '2', '3', null),
(681, 'GGL', 'ANL-3010', 'p', 'H', '2', '3', null),
(682, 'GGL', 'ANL-3020', 'p', 'H', '2', '3', null),
(683, 'GGL', 'CHM-2150', 'p', null, '1', '9', 'Environnement et ressources en eau'),
(684, 'GGL', 'GCI-2009', 'p', null, '1', '9', 'Environnement et ressources en eau'),
(685, 'GGL', 'GCI-3001', 'p', null, '1', '9', 'Environnement et ressources en eau'),
(686, 'GGL', 'GCI-3005', 'p', null, '1', '9', 'Environnement et ressources en eau'),
(687, 'GGL', 'GEX-2001', 'p', null, '1', '9', 'Environnement et ressources en eau'),
(688, 'GGL', 'GGL-2700', 'p', null, '1', '9', 'Environnement et ressources en eau'),
(689, 'GGL', 'GGL-3701', 'p', null, '1', '9', 'Environnement et ressources en eau'),
(690, 'GGL', 'GMN-2005', 'p', null, '1', '9', 'Environnement et ressources en eau'),
(691, 'GGL', 'SLS-4000', 'p', null, '1', '9', 'Environnement et ressources en eau'),
(692, 'GGL', 'ANL-2020', 'p', 'H', '2', '3', 'Environnement et ressources en eau'),
(693, 'GGL', 'ANL-3010', 'p', 'H', '2', '3', 'Environnement et ressources en eau'),
(694, 'GGL', 'ANL-3020', 'p', 'H', '2', '3', 'Environnement et ressources en eau'),
(695, 'GGL', 'GGL-2700', 'p', null, '1', '9', 'Exploration et ressources minérales'),
(696, 'GGL', 'GGL-3701', 'p', null, '1', '9', 'Exploration et ressources minérales'),
(697, 'GGL', 'GLG-1006', 'p', null, '1', '9', 'Exploration et ressources minérales'),
(698, 'GGL', 'GLG-2004', 'p', null, '1', '9', 'Exploration et ressources minérales'),
(699, 'GGL', 'GLG-3001', 'p', null, '1', '9', 'Exploration et ressources minérales'),
(700, 'GGL', 'GLG-4000', 'p', null, '1', '9', 'Exploration et ressources minérales'),
(701, 'GGL', 'GMN-2000', 'p', null, '1', '9', 'Exploration et ressources minérales'),
(702, 'GGL', 'GMN-2003', 'p', null, '1', '9', 'Exploration et ressources minérales'),
(703, 'GGL', 'ANL-2020', 'p', 'H', '2', '0', 'Exploration et ressources minérales'),
(704, 'GGL', 'ANL-3010', 'p', 'H', '2', '0', 'Exploration et ressources minérales'),
(705, 'GGL', 'ANL-3020', 'p', 'H', '2', '0', 'Exploration et ressources minérales'),
(706, 'GGL', 'GCI-2005', 'p', null, '1', '9', 'Géotechnique, matériaux et risques naturels'),
(707, 'GGL', 'GCI-2006', 'p', null, '1', '9', 'Géotechnique, matériaux et risques naturels'),
(708, 'GGL', 'GCI-2101', 'p', null, '1', '9', 'Géotechnique, matériaux et risques naturels'),
(709, 'GGL', 'GCI-3000', 'p', null, '1', '9', 'Géotechnique, matériaux et risques naturels'),
(710, 'GGL', 'GGL-3701', 'p', null, '1', '9', 'Géotechnique, matériaux et risques naturels'),
(711, 'GGL', 'GMN-2000', 'p', null, '1', '9', 'Géotechnique, matériaux et risques naturels'),
(712, 'GGL', 'GMN-4001', 'p', null, '1', '9', 'Géotechnique, matériaux et risques naturels'),
(713, 'GGL', 'ANL-2020', 'p', 'H', '2', '3', 'Géotechnique, matériaux et risques naturels'),
(714, 'GGL', 'ANL-3010', 'p', 'H', '2', '3', 'Géotechnique, matériaux et risques naturels'),
(715, 'GGL', 'ANL-3020', 'p', 'H', '2', '3', 'Géotechnique, matériaux et risques naturels'),
(716, 'GIF', 'GIF-3590', 'o', 'H', null, null, null),
(717, 'GIF', 'GIF-2580', 'o', 'H', null, null, null),
(718, 'GIF', 'GIF-3591', 'o', 'H', null, null, null),
(719, 'GIF', 'GIF-3592', 'o', 'H', null, null, null),
(720, 'GIF', 'GEL-1000', 'o', null, null, null, null),
(721, 'GIF', 'GEL-1002', 'o', null, null, null, null),
(722, 'GIF', 'GEL-1799', 'o', null, null, null, null),
(723, 'GIF', 'GIF-1002', 'o', null, null, null, null),
(724, 'GIF', 'GLO-1901', 'o', null, null, null, null),
(725, 'GIF', 'MAT-1900', 'o', null, null, null, null),
(726, 'GIF', 'GEL-1001', 'o', null, null, null, null),
(727, 'GIF', 'GIF-1001', 'o', null, null, null, null),
(728, 'GIF', 'GIF-1003', 'o', null, null, null, null),
(729, 'GIF', 'GIF-2000', 'o', null, null, null, null),
(730, 'GIF', 'MAT-1910', 'o', null, null, null, null),
(731, 'GIF', 'GEL-2001', 'o', null, null, null, null),
(732, 'GIF', 'GEL-2005', 'o', null, null, null, null),
(733, 'GIF', 'GIF-4202', 'o', null, null, null, null),
(734, 'GIF', 'GLO-2100', 'o', null, null, null, null),
(735, 'GIF', 'MAT-2930', 'o', null, null, null, null),
(736, 'GIF', 'GEL-2007', 'o', null, null, null, null),
(737, 'GIF', 'GIF-3001', 'o', null, null, null, null),
(738, 'GIF', 'GLO-2001', 'o', null, null, null, null),
(739, 'GIF', 'MAT-1919', 'o', null, null, null, null),
(740, 'GIF', 'PHI-2910', 'o', 'H', null, null, null),
(741, 'GIF', 'GEL-3003', 'o', null, null, null, null),
(742, 'GIF', 'GIF-3000', 'o', null, null, null, null),
(743, 'GIF', 'GIF-3002', 'o', null, null, null, null),
(744, 'GIF', 'GLO-2004', 'o', null, null, null, null),
(745, 'GIF', 'STT-2920', 'o', null, null, null, null),
(746, 'GIF', 'ECN-2901', 'o', 'H', null, null, null),
(747, 'GIF', 'GEL-2910', 'o', null, null, null, null),
(748, 'GIF', 'GEL-3014', 'o', null, null, null, null),
(749, 'GIF', 'GIF-3004', 'o', null, null, null, null),
(750, 'GIF', 'GEL-3020', 'o', null, null, null, null),
(751, 'GIF', 'GEL-3021', 'o', null, null, null, null),
(752, 'GIF', 'PHI-3900', 'o', 'H', null, null, null),
(753, 'GIF', 'BCM-1001', 'o', null, null, null, null),
(754, 'GIF', 'GEL-3007', 'o', null, null, null, null),
(755, 'GIF', 'MCB-1000', 'o', null, null, null, null),
(756, 'GIF', 'PHY-1000', 'o', null, null, null, null),
(757, 'GIF', 'PHY-1003', 'o', null, null, null, null),
(758, 'GIF', 'PHY-1006', 'o', null, null, null, null),
(759, 'GIF', 'GEL-4069', 'p', null, '1', '12', null),
(760, 'GIF', 'GEL-4072', 'p', null, '1', '12', null),
(761, 'GIF', 'GEL-4074', 'p', null, '1', '12', null),
(762, 'GIF', 'GEL-4101', 'p', null, '1', '12', null),
(763, 'GIF', 'GIF-4103', 'p', null, '1', '12', null),
(764, 'GIF', 'GIF-4201', 'p', null, '1', '12', null),
(765, 'GIF', 'GIF-3101', 'p', null, '1', '12', null),
(766, 'GIF', 'GLO-2005', 'p', null, '1', '12', null),
(767, 'GIF', 'GLO-4027', 'p', null, '1', '12', null),
(768, 'GIF', 'IFT-1003', 'p', null, '1', '12', null),
(769, 'GIF', 'IFT-3001', 'p', null, '1', '12', null),
(770, 'GIF', 'GEL-4200', 'p', null, '1', '12', null),
(771, 'GIF', 'GEL-4064', 'p', null, '1', '12', null),
(772, 'GIF', 'GIF-4104', 'p', null, '1', '12', null),
(773, 'GIF', 'GLO-3100', 'p', null, '1', '12', null),
(774, 'GIF', 'IFT-3201', 'p', null, '1', '12', null),
(775, 'GIF', 'GIF-4100', 'p', null, '1', '12', null),
(776, 'GIF', 'GIF-4101', 'p', null, '1', '12', null),
(777, 'GIF', 'GIF-4105', 'p', null, '1', '12', null),
(778, 'GIF', 'GLO-4001', 'p', null, '1', '12', null),
(779, 'GIF', 'IFT-2103', 'p', null, '1', '12', null),
(780, 'GIF', 'IFT-3100', 'p', null, '1', '12', null),
(781, 'GIF', 'GEL-4100', 'p', null, '1', '12', null),
(782, 'GIF', 'IFT-4001', 'p', null, '1', '12', null),
(783, 'GIF', 'MAT-2910', 'p', null, '1', '12', null),
(784, 'GIF', 'ENT-3000', 'p', 'H', '1', '12', null),
(785, 'GIF', 'ENT-3010', 'p', 'H', '1', '12', null),
(786, 'GIF', 'CTB-1000', 'p', 'H', '2', '3', null),
(787, 'GIF', 'DRT-1720', 'p', null, '2', '3', null),
(788, 'GIF', 'ENT-1000', 'p', 'H', '2', '3', null),
(789, 'GIF', 'GSF-1020', 'p', 'H', '2', '3', null),
(790, 'GIF', 'GSO-1000', 'p', 'H', '2', '3', null),
(791, 'GIF', 'GSO-2100', 'p', null, '2', '3', null),
(792, 'GIF', 'MNG-1000', 'p', 'H', '2', '3', null),
(793, 'GIF', 'MRK-1000', 'p', 'H', '2', '3', null),
(794, 'GIF', 'RLT-1000', 'p', null, '2', '3', null),
(795, 'GIF', 'RLT-1700', 'p', null, '2', '3', null),
(796, 'GIF', 'CTB-1106', 'p', null, '2', '3', null),
(797, 'GIF', 'GSF-1025', 'p', null, '2', '3', null),
(798, 'GIF', 'GSO-1100', 'p', null, '2', '3', null),
(799, 'GIF', 'MNG-1002', 'p', null, '2', '3', null),
(800, 'GIF', 'MRK-1101', 'p', null, '2', '3', null),
(801, 'GIF', 'GMN-2901', 'p', null, '3', '3', null),
(802, 'GIF', 'GMN-2902', 'p', null, '3', '3', null),
(803, 'GIF', 'MED-1100', 'p', 'H', '3', '3', null),
(804, 'GIF', 'ANL-2020', 'p', 'H', '4', '3', null),
(805, 'GPH', 'GPH-2590', 'o', 'H', null, null, null),
(806, 'GPH', 'GPH-2591', 'o', 'H', null, null, null),
(807, 'GPH', 'GPH-3590', 'o', 'H', null, null, null),
(808, 'GPH', 'GPH-3591', 'o', 'H', null, null, null),
(809, 'GPH', 'GLO-1901', 'o', null, null, null, null),
(810, 'GPH', 'GMC-1000', 'o', null, null, null, null),
(811, 'GPH', 'GPH-1000', 'o', null, null, null, null),
(812, 'GPH', 'PHY-1001', 'o', null, null, null, null),
(813, 'GPH', 'PHY-1002', 'o', null, null, null, null),
(814, 'GPH', 'PHY-1003', 'o', null, null, null, null),
(815, 'GPH', 'GEL-1001', 'o', null, null, null, null),
(816, 'GPH', 'GPH-2006', 'o', null, null, null, null),
(817, 'GPH', 'PHY-1004', 'o', null, null, null, null),
(818, 'GPH', 'PHY-1005', 'o', null, null, null, null),
(819, 'GPH', 'PHY-1007', 'o', null, null, null, null),
(820, 'GPH', 'GEL-2005', 'o', null, null, null, null),
(821, 'GPH', 'GIF-1002', 'o', null, null, null, null),
(822, 'GPH', 'GMC-1002', 'o', null, null, null, null),
(823, 'GPH', 'GML-1001', 'o', null, null, null, null),
(824, 'GPH', 'PHY-2001', 'o', null, null, null, null),
(825, 'GPH', 'GEL-1799', 'o', null, null, null, null),
(826, 'GPH', 'GMC-1003', 'o', null, null, null, null),
(827, 'GPH', 'GMN-2900', 'o', null, null, null, null),
(828, 'GPH', 'GPH-1799', 'o', null, null, null, null),
(829, 'GPH', 'GPH-2004', 'o', null, null, null, null),
(830, 'GPH', 'GPH-2005', 'o', null, null, null, null),
(831, 'GPH', 'GPH-2104', 'o', null, null, null, null),
(832, 'GPH', 'PHY-1006', 'o', null, null, null, null),
(833, 'GPH', 'ECN-2901', 'o', 'H', null, null, null),
(834, 'GPH', 'GMC-3005', 'o', null, null, null, null),
(835, 'GPH', 'GPH-2002', 'o', null, null, null, null),
(836, 'GPH', 'GPH-3004', 'o', null, null, null, null),
(837, 'GPH', 'PHI-3900', 'o', 'H', null, null, null),
(838, 'GPH', 'STT-2920', 'o', null, null, null, null),
(839, 'GPH', 'GMC-2001', 'o', null, null, null, null),
(840, 'GPH', 'GPH-3110', 'o', null, null, null, null),
(841, 'GPH', 'PHY-3500', 'o', null, null, null, null),
(842, 'GPH', 'GPH-3000', 'o', null, null, null, null),
(843, 'GPH', 'GPH-3001', 'o', 'H', null, null, null),
(844, 'GPH', 'PHI-2910', 'o', 'H', null, null, null),
(845, 'GPH', 'PHY-3003', 'o', null, null, null, null),
(846, 'GPH', 'ANL-2020', 'p', 'H', '1', '3', null),
(847, 'GPH', 'GMC-2005', 'o', null, null, '6', 'Aéronautique et aérospatiale'),
(848, 'GPH', 'GMC-2008', 'o', null, null, '6', 'Aéronautique et aérospatiale'),
(849, 'GPH', 'GMC-4150', 'p', null, '1', '9', 'Aéronautique et aérospatiale'),
(850, 'GPH', 'GMC-4151', 'p', null, '1', '9', 'Aéronautique et aérospatiale'),
(851, 'GPH', 'GMC-4250', 'p', null, '1', '9', 'Aéronautique et aérospatiale'),
(852, 'GPH', 'GML-2250', 'p', null, '1', '9', 'Aéronautique et aérospatiale'),
(853, 'GPH', 'GML-3250', 'p', null, '1', '9', 'Aéronautique et aérospatiale'),
(854, 'GPH', 'GEL-2003', 'o', null, null, '6', 'électricité, électronique et puissance'),
(855, 'GPH', 'GEL-3001', 'o', null, null, '6', 'électricité, électronique et puissance'),
(856, 'GPH', 'GEL-2002', 'p', null, '1', '7', 'électricité, électronique et puissance'),
(857, 'GPH', 'GEL-3000', 'p', null, '1', '7', 'électricité, électronique et puissance'),
(858, 'GPH', 'GEL-4102', 'p', null, '1', '7', 'électricité, électronique et puissance'),
(859, 'GPH', 'GEL-4150', 'p', null, '1', '7', 'électricité, électronique et puissance'),
(860, 'GPH', 'GEL-4151', 'p', null, '1', '7', 'électricité, électronique et puissance'),
(861, 'GPH', 'GEL-4152', 'p', null, '1', '7', 'électricité, électronique et puissance'),
(862, 'GPH', 'GCI-3005', 'o', null, null, '6', 'Environnement'),
(863, 'GPH', 'GGL-2600', 'o', null, null, '6', 'Environnement'),
(864, 'GPH', 'GCI-1901', 'p', null, '1', '9', 'Environnement'),
(865, 'GPH', 'GCI-3001', 'p', null, '1', '9', 'Environnement'),
(866, 'GPH', 'GGL-2602', 'p', null, '1', '9', 'Environnement'),
(867, 'GPH', 'GGL-2609', 'p', null, '1', '9', 'Environnement'),
(868, 'GPH', 'BPH-2001', 'o', null, null, '12', 'Génie médical et biophotonique'),
(869, 'GPH', 'GPH-3003', 'o', null, null, '12', 'Génie médical et biophotonique'),
(870, 'GPH', 'GPH-4102', 'o', null, null, '12', 'Génie médical et biophotonique'),
(871, 'GPH', 'PHY-4000', 'o', null, null, '12', 'Génie médical et biophotonique'),
(872, 'GPH', 'GEL-4072', 'p', null, '1', '3', 'Génie médical et biophotonique'),
(873, 'GPH', 'GML-2008', 'p', null, '1', '3', 'Génie médical et biophotonique'),
(874, 'GPH', 'GML-4151', 'p', null, '1', '3', 'Génie médical et biophotonique'),
(875, 'GPH', 'GPH-2102', 'p', null, '1', '3', 'Génie médical et biophotonique'),
(876, 'GPH', 'GPH-4101', 'p', null, '1', '3', 'Génie médical et biophotonique'),
(877, 'GPH', 'GEL-4203', 'o', null, null, '9', 'Photonique'),
(878, 'GPH', 'GPH-4100', 'o', null, null, '9', 'Photonique'),
(879, 'GPH', 'GPH-4101', 'o', null, null, '9', 'Photonique'),
(880, 'GPH', 'GEL-2001', 'p', null, '1', '6', 'Photonique'),
(881, 'GPH', 'GEL-4201', 'p', null, '1', '6', 'Photonique'),
(882, 'GPH', 'GPH-2102', 'p', null, '1', '6', 'Photonique'),
(883, 'GPH', 'GPH-3100', 'p', null, '1', '6', 'Photonique'),
(884, 'GPH', 'GPH-4102', 'p', null, '1', '6', 'Photonique'),
(885, 'GPH', 'GML-2008', 'o', null, null, '9', 'Génie des matériaux'),
(886, 'GPH', 'GML-2250', 'o', null, null, '9', 'Génie des matériaux'),
(887, 'GPH', 'GML-2251', 'o', null, null, '9', 'Génie des matériaux'),
(888, 'GPH', 'GML-2003', 'p', null, '1', '6', 'Génie des matériaux'),
(889, 'GPH', 'GML-2007', 'p', null, '1', '6', 'Génie des matériaux'),
(890, 'GPH', 'GML-3001', 'p', null, '1', '6', 'Génie des matériaux'),
(891, 'GPH', 'GML-4150', 'p', null, '1', '6', 'Génie des matériaux'),
(892, 'GPH', 'GEL-2001', 'o', null, null, '9', 'Signaux et communications'),
(893, 'GPH', 'GEL-4201', 'o', null, null, '9', 'Signaux et communications'),
(894, 'GPH', 'GEL-4202', 'o', null, null, '9', 'Signaux et communications'),
(895, 'GPH', 'GEL-3003', 'p', null, '1', '6', 'Signaux et communications'),
(896, 'GPH', 'GEL-3006', 'p', null, '1', '6', 'Signaux et communications'),
(897, 'GPH', 'GEL-4200', 'p', null, '1', '6', 'Signaux et communications'),
(898, 'GPH', 'GPH-2102', 'p', null, '1', '6', 'Signaux et communications');


INSERT INTO PrealableCours(id, preCours, sigleCours)
    Value
    (1, 'GCH 2000', 'GCH-2591'),
(2, 'GCH 2002', 'GCH-2591'),
(3, 'GCH 1002', 'GCH-2590'),
(4, 'GCH 2591', 'GCH-3590'),
(5, 'GCH 3590', 'GCH-3591'),
(6, 'GCH 1000', 'GCH-1001'),
(7, 'GBO 1020', 'GCH-1001'),
(8, 'MAT 1900', 'GCH-1002'),
(9, 'MAT 1920', 'GCH-1002'),
(10, 'MAT 1910', 'GCH-1002'),
(11, 'GCH 1000', 'GCH-1002'),
(12, 'GBO 1020', 'GCH-1002'),
(13, 'GAE 1000', 'GCH-1002'),
(14, 'MAT 1900', 'MAT-1910'),
(15, 'MAT 1920', 'MAT-1910'),
(16, 'MAT 1110', 'MAT-2910'),
(17, 'MAT 1900', 'MAT-2910'),
(18, 'PHY 1002', 'MAT-2910'),
(19, 'IFT 1903', 'MAT-2910'),
(20, 'GLO 1901', 'MAT-2910'),
(21, 'IFT 1004', 'MAT-2910'),
(22, 'IFT 1901', 'MAT-2910'),
(23, 'GCH 1001', 'CHM-1902'),
(24, 'GMC 1002', 'CHM-1902'),
(25, 'GCH 1001', 'GCH-1003'),
(26, 'GMC 1002', 'GCH-1003'),
(27, 'GCH 1002', 'GCH-1004'),
(28, 'GCH 1002', 'GCH-1005'),
(29, 'MAT 1900', 'MAT-2900'),
(30, 'CHM 1901', 'BCM-1904'),
(31, 'GCH 1002', 'GCH-2000'),
(32, 'GCH 1002', 'GCH-2002'),
(33, 'GCH 1002', 'GCH-2012'),
(34, 'GCH 1004', 'GCH-2012'),
(35, 'GCH 1005', 'GCH-2012'),
(36, 'GCH 1002', 'GCH-2104'),
(37, 'GCH 1003', 'GCH-2104'),
(38, 'GCH 1005', 'GCH-2003'),
(39, 'GCH 1003', 'GCH-2004'),
(40, 'GCH 1004', 'GCH-2004'),
(41, 'GCH 1005', 'GCH-2004'),
(42, 'GCH 1003', 'GCH-2013'),
(43, 'GCH 2005', 'GCH-2006'),
(44, 'GCH 2013', 'GCH-2006'),
(45, 'GCH 2000', 'GCH-2007'),
(46, 'GCH 2003', 'GCH-2007'),
(47, 'GCH 2009', 'GCH-2007'),
(48, 'GCH 2012', 'GCH-2007'),
(49, 'GML 4001', 'GCH-3000'),
(50, 'MAT 2900', 'GCH-3000'),
(51, 'GCH 1004', 'GCH-3005'),
(52, 'GCH 2000', 'GCH-3005'),
(53, 'GCH 2002', 'GCH-3005'),
(54, 'GCH 2003', 'GCH-3005'),
(55, 'GCH 2004', 'GCH-3005'),
(56, 'GCH 2104', 'GCH-3005'),
(57, 'GCH 2000', 'GCH-2008'),
(58, 'GCH 2003', 'GCH-2008'),
(59, 'GCH 2004', 'GCH-2008'),
(60, 'GCH 2006', 'GCH-2008'),
(61, 'GCH 2009', 'GCH-2008'),
(62, 'GCH 2012', 'GCH-2008'),
(63, 'GCH 3000', 'GCH-2008'),
(64, 'GCH 2004', 'GCH-3001'),
(65, 'GCH 2006', 'GCH-3001'),
(66, 'GCH 2004', 'GCH-3002'),
(67, 'GCH 2006', 'GCH-3002'),
(68, 'GCH 3001', 'GCH-3003'),
(69, 'GML 1001', 'GCH-1007'),
(70, 'BCM 1900', 'GCH-2100'),
(71, 'BCM 1904', 'GCH-2100'),
(72, 'BCM 1900', 'GCH-2103'),
(73, 'BCM 1904', 'GCH-2103'),
(74, 'BIO 1003', 'GCH-2103'),
(75, 'STA 1002', 'GCH-2103'),
(76, 'GCH 1002', 'GCH-2106'),
(77, 'GMC 1003', 'GCH-2106'),
(78, 'GCI 1004', 'GCH-2106'),
(79, 'GBO 2020', 'GBO-4008'),
(80, 'BCM 1900', 'GBO-4008'),
(81, 'STT 1900', 'GCH-4011'),
(82, 'STT 1000', 'GCH-4011'),
(83, 'GEL 2005', 'GEL-4100'),
(84, 'GEL 3003', 'GEL-4100'),
(85, 'GCH 3000', 'GEL-4100'),
(86, 'GMC 3002', 'GEL-4100'),
(87, 'MAT 1915', 'GMC-3011'),
(88, 'STT 1000', 'GMC-3011'),
(89, 'STT 1900', 'GMC-3011'),
(90, 'ECN 2901', 'GMC-3011'),
(91, 'GML 1001', 'GML-2250'),
(92, 'MAT 1900', 'GMN-2006'),
(93, 'ANL 2010', 'ANL-2020'),
(94, 'ANL 3010', 'ANL-3020'),
(95, 'ANL 3011', 'ANL-3020'),
(96, 'GLO 2580', 'GLO-2581'),
(97, 'GLO 2581', 'GLO-3590'),
(98, 'GLO 3590', 'GLO-3591'),
(99, 'IFT 1004', 'GIF-1001'),
(100, 'GLO 1901', 'GIF-1001'),
(101, 'IFT 1004', 'GIF-1003'),
(102, 'GLO 1901', 'GIF-1003'),
(103, 'MAT 1900', 'MAT-1910'),
(104, 'MAT 1920', 'MAT-1910'),
(105, 'GIF 1001', 'GLO-2000'),
(106, 'GIF 1003', 'GLO-2004'),
(107, 'GIF 1003', 'GLO-2100'),
(108, 'MAT 1900', 'STT-2920'),
(109, 'MAT 1910', 'STT-2920'),
(110, 'PHY 1001', 'STT-2920'),
(111, 'PHY 1002', 'STT-2920'),
(112, 'GIF 1001', 'GLO-2001'),
(113, 'GLO 2100', 'GLO-2001'),
(114, 'IFT 2008', 'GLO-2001'),
(115, 'GLO 2004', 'GLO-2003'),
(116, 'IFT 2007', 'GLO-2003'),
(117, 'IFT 1004', 'GLO-2005'),
(118, 'GLO 1901', 'GLO-2005'),
(119, 'GLO 2004', 'GLO-3102'),
(120, 'IFT 2007', 'GLO-3102'),
(121, 'GLO 2004', 'GLO-4002'),
(122, 'IFT 2007', 'GLO-4002'),
(123, 'GLO 2003', 'GLO-4002'),
(124, 'IFT 2008', 'IFT-3001'),
(125, 'GLO 2100', 'IFT-3001'),
(126, 'STT 1000', 'IFT-3001'),
(127, 'STT 2920', 'IFT-3001'),
(128, 'MAT 1310', 'IFT-3001'),
(129, 'MAT 1919', 'IFT-3001'),
(130, 'GLO 1901', 'MAT-2930'),
(131, 'IFT 1004', 'MAT-2930'),
(132, 'IFT 1903', 'MAT-2930'),
(133, 'GLO 2004', 'GLO-3013'),
(134, 'GEL 1001', 'GLO-3013'),
(135, 'MAT 1919', 'IFT-2002'),
(136, 'MAT 1310', 'IFT-2002'),
(137, 'IFT 2002', 'GLO-3004'),
(138, 'GIF 1003', 'GLO-3004'),
(139, 'GLO 4002', 'GLO-4003'),
(140, 'GLO 3013', 'GLO-3002'),
(141, 'GLO 3101', 'GLO-3002'),
(142, 'GLO 4000', 'GLO-3002'),
(143, 'GLO 4002', 'GLO-3002'),
(144, 'MAT 1110', 'MAT-2910'),
(145, 'MAT 1900', 'MAT-2910'),
(146, 'PHY 1002', 'MAT-2910'),
(147, 'IFT 1903', 'MAT-2910'),
(148, 'GLO 1901', 'MAT-2910'),
(149, 'IFT 1004', 'MAT-2910'),
(150, 'IFT 1901', 'MAT-2910'),
(151, 'IFT 2008', 'GLO-3100'),
(152, 'GLO 2100', 'GLO-3100'),
(153, 'GLO 3102', 'GLO-3202'),
(154, 'ANL 2010', 'ANL-2020'),
(155, 'MAT 1900', 'GEL-1000'),
(156, 'PHY 1002', 'GEL-1000'),
(157, 'GLO 2001', 'GIF-3000'),
(158, 'GLO 2001', 'GIF-3004'),
(159, 'GIF 1003', 'GIF-3101'),
(160, 'MAT 1200', 'GIF-4100'),
(161, 'MAT 2930', 'GIF-4100'),
(162, 'STT 1000', 'GIF-4101'),
(163, 'STT 1900', 'GIF-4101'),
(164, 'STT 2920', 'GIF-4101'),
(165, 'MAT 1200', 'GIF-4101'),
(166, 'MAT 1910', 'GIF-4101'),
(167, 'MAT 2930', 'GIF-4101'),
(168, 'PHY 1001', 'GIF-4101'),
(169, 'GLO 2100', 'GIF-4104'),
(170, 'IFT 2008', 'GIF-4104'),
(171, 'GLO 1901', 'GIF-4105'),
(172, 'IFT 1004', 'GIF-4105'),
(173, 'MAT 1200', 'GIF-4105'),
(174, 'MAT 2930', 'GIF-4105'),
(175, 'null', 'GIN-2010'),
(176, 'GIN 1500', 'GIN-2010'),
(177, 'null', 'GIN-2010'),
(178, 'STT 1900', 'GIN-2010'),
(179, 'null', 'GIN-2010'),
(180, 'GIN 1500', 'GIN-2010'),
(181, 'null', 'GIN-2010'),
(182, 'STT 1000', 'GIN-2010'),
(183, 'null', 'GIN-2010'),
(184, 'GMC 3009', 'GIN-2010'),
(185, 'null', 'GIN-2010'),
(186, 'STT 1900', 'GIN-2010'),
(187, 'null', 'GIN-2010'),
(188, 'GMC 3009', 'GIN-2010'),
(189, 'null', 'GIN-2010'),
(190, 'STT 1000', 'GIN-2010'),
(191, 'GLO 3102', 'GLO-3112'),
(192, 'IFT 2004', 'GLO-3112'),
(193, 'GLO 2005', 'GLO-3112'),
(194, 'IFT 1004', 'GLO-4001'),
(195, 'GLO 1901', 'GLO-4001'),
(196, 'STT 1000', 'GLO-4001'),
(197, 'STT 1900', 'GLO-4001'),
(198, 'STT 2920', 'GLO-4001'),
(199, 'GLO 4001', 'GLO-4007'),
(200, 'MAT 1200', 'GLO-4007'),
(201, 'MAT 2930', 'GLO-4007'),
(202, 'IFT 2004', 'GLO-4027'),
(203, 'GLO 2005', 'GLO-4027'),
(204, 'IFT 2008', 'GLO-4027'),
(205, 'GLO 2100', 'GLO-4027'),
(206, 'MAT 1200', 'GLO-4030'),
(207, 'IFT 3001', 'GLO-4030'),
(208, 'IFT 4102', 'GLO-4030'),
(209, 'GIF 4101', 'GLO-4030'),
(210, 'IFT 2004', 'GLO-4035'),
(211, 'GLO 2005', 'GLO-4035'),
(212, 'IFT 1003', 'IFT-2102'),
(213, 'SIO 2103', 'IFT-2102'),
(214, 'GLO 2003', 'IFT-2102'),
(215, 'GIF 1003', 'IFT-2103'),
(216, 'IFT 3100', 'IFT-2103'),
(217, 'GIF 1003', 'IFT-3000'),
(218, 'GIF 1001', 'IFT-3002'),
(219, 'GIF 1003', 'IFT-3100'),
(220, 'IFT 2002', 'IFT-3101'),
(221, 'IFT 2103', 'IFT-3113'),
(222, 'ANI 1018', 'IFT-3113'),
(223, 'MUS 2012', 'IFT-3113'),
(224, 'IFT 2006', 'IFT-3201'),
(225, 'GIF 3001', 'IFT-3201'),
(226, 'GLO 2000', 'IFT-3201'),
(227, 'IFT 3001', 'IFT-4001'),
(228, 'IFT 3001', 'IFT-4003'),
(229, 'IFT 2002', 'IFT-4022'),
(230, 'GLO 2100', 'IFT-4022'),
(231, 'IFT 2008', 'IFT-4022'),
(232, 'STT 1000', 'IFT-4022'),
(233, 'STT 2920', 'IFT-4022'),
(234, 'STT 1900', 'IFT-4022'),
(235, 'MQT 1102', 'IFT-4022'),
(236, 'GLO 2100', 'IFT-4102'),
(237, 'IFT 2008', 'IFT-4102'),
(238, 'STT 1000', 'IFT-4102'),
(239, 'STT 2920', 'IFT-4102'),
(240, 'STT 1900', 'IFT-4102'),
(241, 'MQT 1102', 'IFT-4102'),
(242, 'MAT 1200', 'MAT-2200'),
(243, 'STT 1000', 'STT-2200'),
(244, 'ACT 2000', 'STT-2200'),
(245, 'STT 2920', 'STT-2200'),
(246, 'MAT 1200', 'STT-2200'),
(247, 'null', 'STT-2200'),
(248, 'ACT 2002', 'STT-2200'),
(249, 'STT 1100', 'STT-2200'),
(250, 'null', 'STT-2200'),
(251, 'ACT 2002', 'STT-2200'),
(252, 'ECN 2090', 'STT-2200'),
(253, 'GLO 1901', 'STT-2200'),
(254, 'IFT 1004', 'STT-2200'),
(255, 'ANL 3020', 'ANL-3905'),
(256, 'MQT 1102', 'GSO-1000'),
(257, 'MQT 1100', 'GSO-1000'),
(258, 'STT 2920', 'GSO-1000'),
(259, 'MAT 1915', 'GSO-1000'),
(260, 'STT 1900', 'GSO-1000'),
(261, 'STT 1000', 'GSO-1000'),
(262, 'BCM 1001', 'BCM-1003'),
(263, 'CHM 1003', 'BCM-1003'),
(264, 'BCM 1001', 'BIO-2003'),
(265, 'BCM 1903', 'BIO-2003'),
(266, 'MAT 1910', 'GMC-1003'),
(267, 'PHY 1001', 'GMC-1003'),
(268, 'PHY 1002', 'PHY-1006'),
(269, 'MAT 1900', 'PHY-1006'),
(270, 'PHY 1001', 'PHY-1007'),
(271, 'MAT 1910', 'PHY-1007'),
(272, 'BCM 1001', 'SBM-1004'),
(273, 'ECN 2901', 'GIN-3580'),
(274, 'GIN 2010', 'GIN-3580'),
(275, 'GIN 3020', 'GIN-3580'),
(276, 'GMC 1000', 'GIN-3580'),
(277, 'GSC 1000', 'GIN-3580'),
(278, 'GIN 3580', 'GIN-3591'),
(279, 'GIN 3590', 'GIN-3591'),
(280, 'GIN 3591', 'GIN-3592'),
(281, 'null', 'GIN-2010'),
(282, 'GIN 1500', 'GIN-2010'),
(283, 'null', 'GIN-2010'),
(284, 'STT 1900', 'GIN-2010'),
(285, 'null', 'GIN-2010'),
(286, 'GIN 1500', 'GIN-2010'),
(287, 'null', 'GIN-2010'),
(288, 'STT 1000', 'GIN-2010'),
(289, 'null', 'GIN-2010'),
(290, 'GMC 3009', 'GIN-2010'),
(291, 'null', 'GIN-2010'),
(292, 'STT 1900', 'GIN-2010'),
(293, 'null', 'GIN-2010'),
(294, 'GMC 3009', 'GIN-2010'),
(295, 'null', 'GIN-2010'),
(296, 'STT 1000', 'GIN-2010'),
(297, 'MAT 1900', 'GIN-3040'),
(298, 'GLO 1901', 'GIN-3040'),
(299, 'MAT 1900', 'MAT-1910'),
(300, 'MAT 1920', 'MAT-1910'),
(301, 'MAT 1910', 'GIN-2110'),
(302, 'GSO 1000', 'GSO-2100'),
(303, 'GSO 1100', 'GSO-2100'),
(304, 'GIN 2010', 'GSO-2100'),
(305, 'FOR 2017', 'GSO-2100'),
(306, 'FOR 3006', 'GSO-2100'),
(307, 'ECN 1150', 'GSO-2100'),
(308, 'MAT 1110', 'MAT-2910'),
(309, 'MAT 1900', 'MAT-2910'),
(310, 'PHY 1002', 'MAT-2910'),
(311, 'IFT 1903', 'MAT-2910'),
(312, 'GLO 1901', 'MAT-2910'),
(313, 'IFT 1004', 'MAT-2910'),
(314, 'IFT 1901', 'MAT-2910'),
(315, 'GIN 2110', 'GIN-3000'),
(316, 'GIN 2010', 'GIN-3010'),
(317, 'STT 1000', 'GIN-3020'),
(318, 'STT 1900', 'GIN-3020'),
(319, 'MQT 1101', 'MQT-2100'),
(320, 'GIN 2110', 'MQT-2100'),
(321, 'GRH 1501', 'RLT-3300'),
(322, 'RLT 2002', 'RLT-3300'),
(323, 'ECN 2901', 'GIN-3050'),
(324, 'GIN 2010', 'GIN-3050'),
(325, 'GIN 3020', 'GIN-3050'),
(326, 'GMC 1000', 'GIN-3050'),
(327, 'GSC 1000', 'GIN-3050'),
(328, 'GSO 2100', 'GIN-3050'),
(329, 'GIN 3010', 'GIN-3060'),
(330, 'GSO 1000', 'GIN-3060'),
(331, 'MNG 1000', 'GIN-3060'),
(332, 'GIN 3030', 'GIN-3080'),
(333, 'GIN 3040', 'GIN-3080'),
(334, 'GMC 1000', 'GIN-3080'),
(335, 'GSC 1000', 'GIN-3080'),
(336, 'MAT 1910', 'GIN-3080'),
(337, 'IFT 1903', 'GIN-3080'),
(338, 'GLO 1901', 'GIN-3080'),
(339, 'GSO 2106', 'GIN-3110'),
(340, 'GSO 3100', 'GIN-3110'),
(341, 'GSO 1000', 'GSO-3103'),
(342, 'GSO 1100', 'GSO-3103'),
(343, 'MQT 1101', 'GSO-3103'),
(344, 'GIN 2110', 'GSO-3103'),
(345, 'GMC 3011', 'GSO-3103'),
(346, 'GIN 2110', 'GIN-3200'),
(347, 'GIN 2120', 'GIN-3200'),
(348, 'GIN 3010', 'GIN-3200'),
(349, 'GIN 3030', 'GIN-3200'),
(350, 'GIN 3040', 'GIN-3200'),
(351, 'GIN 3050', 'GIN-3200'),
(352, 'GSO 2100', 'GIN-3200'),
(353, 'GIN 2110', 'GIN-3220'),
(354, 'CTB 1000', 'CTB-1001'),
(355, 'CTB 1106', 'CTB-1001'),
(356, 'ECN 2901', 'CTB-1001'),
(357, 'GIN 3000', 'GIN-3310'),
(358, 'GIN 3200', 'GIN-3310'),
(359, 'GIN 3110', 'GIN-3320'),
(360, 'GIN 3300', 'GIN-3320'),
(361, 'GIN 3310', 'GIN-3320'),
(362, 'RLT 1000', 'RLT-2002'),
(363, 'KIN 2001', 'RLT-2002'),
(364, 'GIN 3010', 'RLT-2002'),
(365, 'ANL 2010', 'ANL-2020'),
(366, 'GCI 2580', 'GCI-2590'),
(367, 'GCI 2590', 'GCI-3590'),
(368, 'GCI 3590', 'GCI-3591'),
(369, 'GCI 1001', 'GCI-2000'),
(370, 'MAT 1900', 'MAT-1910'),
(371, 'MAT 1920', 'MAT-1910'),
(372, 'MAT 1110', 'MAT-2910'),
(373, 'MAT 1900', 'MAT-2910'),
(374, 'PHY 1002', 'MAT-2910'),
(375, 'IFT 1903', 'MAT-2910'),
(376, 'GLO 1901', 'MAT-2910'),
(377, 'IFT 1004', 'MAT-2910'),
(378, 'IFT 1901', 'MAT-2910'),
(379, 'GCI 2000', 'GCI-2001'),
(380, 'GMC 1001', 'GCI-2001'),
(381, 'MAT 1910', 'GCI-2002'),
(382, 'MAT 1900', 'GCI-1004'),
(383, 'GLG 1900', 'GCI-1007'),
(384, 'GCI 1009', 'GCI-2003'),
(385, 'GMC 1000', 'GCI-2003'),
(386, 'GMC 1900', 'GCI-2003'),
(387, 'GCI 2001', 'GCI-2003'),
(388, 'GMC 2001', 'GCI-2003'),
(389, 'GCI 1000', 'GCI-2004'),
(390, 'GML 1001', 'GCI-2004'),
(391, 'GCI 2001', 'GCI-2004'),
(392, 'GMC 2001', 'GCI-2004'),
(393, 'GCI 1009', 'GCI-2006'),
(394, 'GGL 1006', 'GCI-2006'),
(395, 'GMC 1900', 'GCI-2006'),
(396, 'GCI 2005', 'GCI-2006'),
(397, 'GCI 1901', 'GCI-2006'),
(398, 'GCI 1007', 'GCI-2006'),
(399, 'GCI 1009', 'GCI-2007'),
(400, 'GMC 1000', 'GCI-2007'),
(401, 'GMC 1900', 'GCI-2007'),
(402, 'GCI 2001', 'GCI-2007'),
(403, 'GMC 2001', 'GCI-2007'),
(404, 'GCI 1004', 'GCI-2008'),
(405, 'STT 1000', 'GCI-2009'),
(406, 'STT 1900', 'GCI-2009'),
(407, 'GCI 2008', 'GCI-2010'),
(408, 'GCI 2003', 'GCI-2011'),
(409, 'GCI 2004', 'GCI-2011'),
(410, 'GCI 2007', 'GCI-2011'),
(411, 'GCI 2006', 'GCI-3000'),
(412, 'GCI 2008', 'GCI-2012'),
(413, 'GCI 2009', 'GCI-2012'),
(414, 'ECN 2901', 'GCI-3333'),
(415, 'GCI 2011', 'GCI-3333'),
(416, 'GCI 3000', 'GCI-3333'),
(417, 'GMC 1001', 'GBO-2040'),
(418, 'FOR 2151', 'GBO-2040'),
(419, 'GCI 2000', 'GBO-2040'),
(420, 'GCI 2006', 'GCI-2101'),
(421, 'GCI 1005', 'GCI-2102'),
(422, 'GCI 3005', 'GCI-2102'),
(423, 'GCH 1000', 'GCI-2102'),
(424, 'GEX 1000', 'GCI-2102'),
(425, 'GCI 2006', 'GCI-3100'),
(426, 'GCI 2012', 'GCI-3101'),
(427, 'GCI 2003', 'GCI-3300'),
(428, 'GCI 2011', 'GCI-3300'),
(429, 'GCI 3000', 'GCI-4007'),
(430, 'GCI 2002', 'GCI-4090'),
(431, 'GCI 2003', 'GCI-4090'),
(432, 'GCI 2011', 'GCI-4090'),
(433, 'GCI 1000', 'GCI-4100'),
(434, 'GCI 2003', 'GCI-4100'),
(435, 'GCI 2011', 'GCI-4100'),
(436, 'GCI 2005', 'GCI-4201'),
(437, 'GCI 1007', 'GCI-4201'),
(438, 'GAE 1004', 'GCI-4201'),
(439, 'GCI 2008', 'GCI-4301'),
(440, 'GCI 2003', 'GCI-4401'),
(441, 'GBO 2040', 'GCI-4401'),
(442, 'ANL 2010', 'ANL-2020'),
(443, 'ANL 2020', 'ANL-3010'),
(444, 'ANL 2021', 'ANL-3010'),
(445, 'ANL 3010', 'ANL-3020'),
(446, 'ANL 3011', 'ANL-3020'),
(447, 'GEX 1580', 'GEX-2590'),
(448, 'GEX 2590', 'GEX-2591'),
(449, 'GEX 2591', 'GEX-3590'),
(450, 'MAT 1900', 'GCI-1004'),
(451, 'MAT 1900', 'GGL-2600'),
(452, 'MAT 1920', 'GGL-2600'),
(453, 'PHY 1002', 'GGL-2600'),
(454, 'MAT 1900', 'MAT-1910'),
(455, 'MAT 1920', 'MAT-1910'),
(456, 'GCI 1004', 'GCI-2008'),
(457, 'STT 1000', 'GCI-2009'),
(458, 'STT 1900', 'GCI-2009'),
(459, 'GCI 1004', 'GEX-1000'),
(460, 'GCI 2008', 'GCI-2010'),
(461, 'MAT 1110', 'MAT-2910'),
(462, 'MAT 1900', 'MAT-2910'),
(463, 'PHY 1002', 'MAT-2910'),
(464, 'IFT 1903', 'MAT-2910'),
(465, 'GLO 1901', 'MAT-2910'),
(466, 'IFT 1004', 'MAT-2910'),
(467, 'IFT 1901', 'MAT-2910'),
(468, 'GCI 2008', 'GCI-2012'),
(469, 'GCI 2009', 'GCI-2012'),
(470, 'GCI 2008', 'GCI-4301'),
(471, 'CHM 1903', 'GEX-2004'),
(472, 'GEX 1000', 'GEX-2004'),
(473, 'MCB 1907', 'GEX-2004'),
(474, 'BIO 1003', 'GEX-2004'),
(475, 'GCH 1004', 'GEX-2004'),
(476, 'GGL 2600', 'GEX-2001'),
(477, 'GCI 2009', 'GEX-2001'),
(478, 'GGL 2609', 'GEX-2001'),
(479, 'GEX 1000', 'GEX-2001'),
(480, 'GCI 1005', 'GEX-2001'),
(481, 'CHM 1903', 'GEX-2003'),
(482, 'GEX 1000', 'GEX-2003'),
(483, 'MCB 1907', 'GEX-2003'),
(484, 'BIO 1003', 'GEX-2003'),
(485, 'GCH 1004', 'GEX-2003'),
(486, 'GCI 1003', 'GEX-4006'),
(487, 'GCI 2009', 'GEX-4006'),
(488, 'GAE 1004', 'GAE-3006'),
(489, 'GCI 1002', 'GAE-3006'),
(490, 'GCI 2012', 'GCI-3101'),
(491, 'GEX 2001', 'GEX-3100'),
(492, 'GEX 2003', 'GEX-3500'),
(493, 'GEX 2004', 'GEX-3502'),
(494, 'GGL 2600', 'GGL-4001'),
(495, 'GAE 1004', 'GAE-3007'),
(496, 'GCI 1002', 'GAE-3007'),
(497, 'GCI 1901', 'GAE-3007'),
(498, 'GAE 1004', 'GAE-3008'),
(499, 'GAE 2000', 'GAE-3008'),
(500, 'GCI 2009', 'GAE-3008'),
(501, 'GCI 1005', 'GCI-2102'),
(502, 'GCI 3005', 'GCI-2102'),
(503, 'GCH 1000', 'GCI-2102'),
(504, 'GEX 1000', 'GCI-2102'),
(505, 'GCI 2005', 'GCI-4201'),
(506, 'GCI 1007', 'GCI-4201'),
(507, 'GAE 1004', 'GCI-4201'),
(508, 'GGL 2600', 'GGL-2609'),
(509, 'GEX 1580', 'GEX-3501'),
(510, 'MAT 1900', 'GGL-2601'),
(511, 'MAT 1920', 'GGL-2601'),
(512, 'ANL 2010', 'ANL-2020'),
(513, 'ANL 2020', 'ANL-3010'),
(514, 'ANL 2021', 'ANL-3010'),
(515, 'ANL 3010', 'ANL-3020'),
(516, 'ANL 3011', 'ANL-3020'),
(517, 'GEL 3590', 'GEL-3591'),
(518, 'GEL 3591', 'GEL-3592'),
(519, 'MAT 1900', 'GEL-1000'),
(520, 'PHY 1002', 'GEL-1000'),
(521, 'GEL 1799', 'GEL-1002'),
(522, 'GEL 1000', 'GEL-2002'),
(523, 'GEL 1002', 'GEL-2002'),
(524, 'GPH 2006', 'GEL-2002'),
(525, 'GEL 1799', 'GEL-2002'),
(526, 'IFT 1004', 'GIF-1001'),
(527, 'GLO 1901', 'GIF-1001'),
(528, 'IFT 1004', 'GIF-1003'),
(529, 'GLO 1901', 'GIF-1003'),
(530, 'MAT 1900', 'MAT-1910'),
(531, 'MAT 1920', 'MAT-1910'),
(532, 'GEL 1000', 'GEL-2000'),
(533, 'MAT 1910', 'GEL-2000'),
(534, 'PHY 1005', 'GEL-2001'),
(535, 'GEL 1000', 'GEL-2001'),
(536, 'GEL 1000', 'GEL-2005'),
(537, 'GEL 1002', 'GEL-2005'),
(538, 'GPH 2006', 'GEL-2005'),
(539, 'PHY 1005', 'GEL-2005'),
(540, 'GLO 1901', 'MAT-2930'),
(541, 'IFT 1004', 'MAT-2930'),
(542, 'IFT 1903', 'MAT-2930'),
(543, 'MAT 1900', 'STT-2920'),
(544, 'MAT 1910', 'STT-2920'),
(545, 'PHY 1001', 'STT-2920'),
(546, 'PHY 1002', 'STT-2920'),
(547, 'GEL 1000', 'GEL-2003'),
(548, 'GEL 1002', 'GEL-2003'),
(549, 'GPH 2006', 'GEL-2003'),
(550, 'GMC 3006', 'GEL-2003'),
(551, 'GEL 2000', 'GEL-2003'),
(552, 'GEL 2900', 'GEL-2003'),
(553, 'GEL 2910', 'GEL-2003'),
(554, 'PHY 1007', 'GEL-2003'),
(555, 'GMC 3003', 'GEL-2003'),
(556, 'GEL 1799', 'GEL-2003'),
(557, 'GEL 1001', 'GEL-2007'),
(558, 'GEL 2005', 'GEL-2007'),
(559, 'GLO 1901', 'GEL-2007'),
(560, 'GEL 2002', 'GEL-2007'),
(561, 'GIF 2000', 'GEL-2007'),
(562, 'GIF 1002', 'GEL-3000'),
(563, 'GEL 2002', 'GEL-3000'),
(564, 'GIF 2000', 'GEL-3000'),
(565, 'GEL 1799', 'GEL-3001'),
(566, 'GEL 2003', 'GEL-3001'),
(567, 'GEL 2000', 'GEL-3002'),
(568, 'GEL 2001', 'GEL-3003'),
(569, 'GEL 2001', 'GEL-3006'),
(570, 'STT 2920', 'GEL-3006'),
(571, 'GEL 2000', 'GEL-3007'),
(572, 'GEL 2900', 'GEL-3007'),
(573, 'GEL 2910', 'GEL-3007'),
(574, 'GEL 2007', 'GEL-3014'),
(575, 'GEL 3000', 'GEL-3014'),
(576, 'GIF 3002', 'GEL-3014'),
(577, 'MAT 1110', 'MAT-2910'),
(578, 'MAT 1900', 'MAT-2910'),
(579, 'PHY 1002', 'MAT-2910'),
(580, 'IFT 1903', 'MAT-2910'),
(581, 'GLO 1901', 'MAT-2910'),
(582, 'IFT 1004', 'MAT-2910'),
(583, 'IFT 1901', 'MAT-2910'),
(584, 'GEL 1799', 'GEL-3020'),
(585, 'GEL 3014', 'GEL-3020'),
(586, 'GEL 1799', 'GEL-3021'),
(587, 'GEL 3020', 'GEL-3021'),
(588, 'GEL 2005', 'GEL-4100'),
(589, 'GEL 3003', 'GEL-4100'),
(590, 'GCH 3000', 'GEL-4100'),
(591, 'GMC 3002', 'GEL-4100'),
(592, 'GEL 2005', 'GEL-4250'),
(593, 'GMC 3002', 'GEL-4250'),
(594, 'GEL 2005', 'GEL-4251'),
(595, 'GEL 3003', 'GEL-4251'),
(596, 'GEL 1002', 'GIF-4103'),
(597, 'GEL 1799', 'GIF-4103'),
(598, 'GEL 2001', 'GEL-4064'),
(599, 'MAT 2930', 'GEL-4064'),
(600, 'STT 2920', 'GEL-4064'),
(601, 'GEL 2000', 'GEL-4074'),
(602, 'GEL 3000', 'GEL-4074'),
(603, 'GEL 2900', 'GEL-4074'),
(604, 'GIF 2000', 'GEL-4074'),
(605, 'GPH 2006', 'GEL-4074'),
(606, 'null', 'GEL-4074'),
(607, 'PHY 1007', 'GEL-4074'),
(608, 'null', 'GEL-4074'),
(609, 'PHY 1007', 'GEL-4074'),
(610, 'PHY 2002', 'GEL-4074'),
(611, 'GEL 3003', 'GEL-4101'),
(612, 'STT 2920', 'GEL-4101'),
(613, 'GEL 2001', 'GEL-4200'),
(614, 'STT 2920', 'GEL-4200'),
(615, 'GEL 2001', 'GEL-4201'),
(616, 'GEL 3002', 'GEL-4201'),
(617, 'GEL 2900', 'GEL-4201'),
(618, 'GEL 2910', 'GEL-4201'),
(619, 'PHY 2001', 'GEL-4201'),
(620, 'GEL 3002', 'GEL-4202'),
(621, 'PHY 2001', 'GEL-4202'),
(622, 'GEL 3002', 'GEL-4203'),
(623, 'PHY 2001', 'GEL-4203'),
(624, 'GIF 1003', 'GIF-3001'),
(625, 'GEL 3001', 'GEL-3010'),
(626, 'GEL 4150', 'GEL-3010'),
(627, 'GEL 4150', 'GEL-3100'),
(628, 'GEL 4150', 'GEL-3150'),
(629, 'GEL 4150', 'GEL-3301'),
(630, 'GEL 4150', 'GEL-3302'),
(631, 'GEL 2003', 'GEL-4075'),
(632, 'GEL 1799', 'GEL-4102'),
(633, 'GEL 2002', 'GEL-4102'),
(634, 'GEL 2003', 'GEL-4102'),
(635, 'GEL 2003', 'GEL-4150'),
(636, 'GEL 1799', 'GEL-4151'),
(637, 'GEL 2003', 'GEL-4151'),
(638, 'GEL 1799', 'GEL-4152'),
(639, 'GEL 3001', 'GEL-4152'),
(640, 'PHY 2001', 'GPH-2102'),
(641, 'GEL 3002', 'GPH-2102'),
(642, 'GEL 3002', 'GPH-3100'),
(643, 'PHY 2001', 'GPH-3100'),
(644, 'GPH 2005', 'GPH-3100'),
(645, 'PHY 2004', 'GPH-3100'),
(646, 'PHY 2001', 'GPH-4100'),
(647, 'GEL 3002', 'GPH-4100'),
(648, 'GEL 2900', 'GPH-4101'),
(649, 'GEL 3002', 'GPH-4101'),
(650, 'PHY 2001', 'GPH-4101'),
(651, 'PHY 2004', 'GPH-4101'),
(652, 'GPH 2005', 'GPH-4101'),
(653, 'GLO 2001', 'GIF-3000'),
(654, 'GIF 1001', 'GIF-3002'),
(655, 'GIF 1002', 'GIF-3002'),
(656, 'GIF 1003', 'GIF-3002'),
(657, 'GEL 3000', 'GIF-3002'),
(658, 'GIF 2000', 'GIF-3002'),
(659, 'GIF 1001', 'GLO-2001'),
(660, 'GLO 2100', 'GLO-2001'),
(661, 'IFT 2008', 'GLO-2001'),
(662, 'GEL 3000', 'GEL-4069'),
(663, 'GIF 2000', 'GEL-4069'),
(664, 'GEL 2002', 'GEL-4072'),
(665, 'GIF 2000', 'GEL-4072'),
(666, 'GPH 2006', 'GEL-4072'),
(667, 'GMC 3300', 'GEL-4072'),
(668, 'GEL 2000', 'GEL-4073'),
(669, 'PHY 1005', 'GEL-4073'),
(670, 'GEL 2002', 'GIF-4201'),
(671, 'GIF 2000', 'GIF-4201'),
(672, 'GIF 1002', 'GIF-4202'),
(673, 'GLO 1901', 'GIF-4202'),
(674, 'GIF 1003', 'GIF-3101'),
(675, 'MAT 1200', 'GIF-4100'),
(676, 'MAT 2930', 'GIF-4100'),
(677, 'STT 1000', 'GIF-4101'),
(678, 'STT 1900', 'GIF-4101'),
(679, 'STT 2920', 'GIF-4101'),
(680, 'MAT 1200', 'GIF-4101'),
(681, 'MAT 1910', 'GIF-4101'),
(682, 'MAT 2930', 'GIF-4101'),
(683, 'PHY 1001', 'GIF-4101'),
(684, 'GLO 1901', 'GIF-4105'),
(685, 'IFT 1004', 'GIF-4105'),
(686, 'MAT 1200', 'GIF-4105'),
(687, 'MAT 2930', 'GIF-4105'),
(688, 'GIF 1003', 'GLO-2004'),
(689, 'GIF 1003', 'GLO-2100'),
(690, 'IFT 1004', 'GLO-4001'),
(691, 'GLO 1901', 'GLO-4001'),
(692, 'STT 1000', 'GLO-4001'),
(693, 'STT 1900', 'GLO-4001'),
(694, 'STT 2920', 'GLO-4001'),
(695, 'ENT 1000', 'ENT-3000'),
(696, 'ENT 1000', 'ENT-3010'),
(697, 'ENT 3000', 'ENT-3010'),
(698, 'MQT 1102', 'GSO-1000'),
(699, 'MQT 1100', 'GSO-1000'),
(700, 'STT 2920', 'GSO-1000'),
(701, 'MAT 1915', 'GSO-1000'),
(702, 'STT 1900', 'GSO-1000'),
(703, 'STT 1000', 'GSO-1000'),
(704, 'GSO 1000', 'GSO-2100'),
(705, 'GSO 1100', 'GSO-2100'),
(706, 'GIN 2010', 'GSO-2100'),
(707, 'FOR 2017', 'GSO-2100'),
(708, 'FOR 3006', 'GSO-2100'),
(709, 'ECN 1150', 'GSO-2100'),
(710, 'ANL 2010', 'ANL-2020'),
(711, 'GGL 3580', 'GGL-3590'),
(712, 'GGL 3590', 'GGL-3591'),
(713, 'GGL 3591', 'GGL-3592'),
(714, 'GLG 1000', 'GLG-1001'),
(715, 'MAT 1900', 'GGL-2601'),
(716, 'MAT 1920', 'GGL-2601'),
(717, 'GLG 1002', 'GLG-1003'),
(718, 'GLG 1000', 'GLG-1005'),
(719, 'MAT 1900', 'MAT-1910'),
(720, 'MAT 1920', 'MAT-1910'),
(721, 'MAT 1900', 'GGL-2602'),
(722, 'PHY 1002', 'GGL-2602'),
(723, 'GLG 1000', 'GGL-4601'),
(724, 'GLG 1900', 'GGL-4601'),
(725, 'GLG 1003', 'GLG-2000'),
(726, 'GLG 1005', 'GLG-2000'),
(727, 'GLG 1000', 'GLG-2001'),
(728, 'GLG 1003', 'GLG-2001'),
(729, 'MAT 1900', 'GCI-1004'),
(730, 'MAT 1900', 'GGL-2600'),
(731, 'MAT 1920', 'GGL-2600'),
(732, 'PHY 1002', 'GGL-2600'),
(733, 'GLG 1000', 'GLG-2002'),
(734, 'GLG 1001', 'GLG-2002'),
(735, 'GLG 1900', 'GLG-2002'),
(736, 'GLG 2000', 'GLG-2003'),
(737, 'GLG 2001', 'GLG-2003'),
(738, 'GLG 2002', 'GLG-2003'),
(739, 'GLG 2003', 'GGL-2100'),
(740, 'GLG 2003', 'GGL-2101'),
(741, 'GLG 2000', 'GGL-2604'),
(742, 'GLG 2001', 'GGL-2604'),
(743, 'GGL 1006', 'GGL-2605'),
(744, 'GGL 2601', 'GGL-2605'),
(745, 'GLG 1005', 'GGL-2605'),
(746, 'GLG 2002', 'GMN-2001'),
(747, 'MAT 1110', 'MAT-2910'),
(748, 'MAT 1900', 'MAT-2910'),
(749, 'PHY 1002', 'MAT-2910'),
(750, 'IFT 1903', 'MAT-2910'),
(751, 'GLO 1901', 'MAT-2910'),
(752, 'IFT 1004', 'MAT-2910'),
(753, 'IFT 1901', 'MAT-2910'),
(754, 'GGL 2600', 'GGL-2609'),
(755, 'GGL 2600', 'GGL-3600'),
(756, 'GGL 2604', 'GGL-3600'),
(757, 'GMN 2001', 'GGL-3600'),
(758, 'GGL 2602', 'GGL-4602'),
(759, 'GGL 2609', 'GGL-3710'),
(760, 'GMN 2001', 'GGL-4600'),
(761, 'GGL 2600', 'GGL-4001'),
(762, 'GLG 2000', 'GLG-3003'),
(763, 'GLG 2001', 'GLG-3003'),
(764, 'GLG 2002', 'GLG-3003'),
(765, 'GLG 2003', 'GLG-3003'),
(766, 'GCI 1002', 'GCI-2005'),
(767, 'GAE 1004', 'GCI-2005'),
(768, 'GCI 1009', 'GCI-2006'),
(769, 'GGL 1006', 'GCI-2006'),
(770, 'GMC 1900', 'GCI-2006'),
(771, 'GCI 2005', 'GCI-2006'),
(772, 'GCI 1901', 'GCI-2006'),
(773, 'GCI 1007', 'GCI-2006'),
(774, 'STT 1000', 'GCI-2009'),
(775, 'STT 1900', 'GCI-2009'),
(776, 'GCI 2006', 'GCI-2101'),
(777, 'GCI 2006', 'GCI-3000'),
(778, 'GGL 2600', 'GEX-2001'),
(779, 'GCI 2009', 'GEX-2001'),
(780, 'GGL 2609', 'GEX-2001'),
(781, 'GEX 1000', 'GEX-2001'),
(782, 'GCI 1005', 'GEX-2001'),
(783, 'GLG 1000', 'GLG-1006'),
(784, 'GLG 1003', 'GLG-1006'),
(785, 'GLG 2000', 'GLG-2004'),
(786, 'GLG 2001', 'GLG-2004'),
(787, 'GLG 2002', 'GLG-3001'),
(788, 'GLG 2004', 'GLG-3001'),
(789, 'GLG 1002', 'GLG-3002'),
(790, 'GLG 1003', 'GLG-3002'),
(791, 'GLG 2000', 'GLG-3002'),
(792, 'GLG 2001', 'GLG-3002'),
(793, 'GLG 2002', 'GLG-3002'),
(794, 'GLG 2000', 'GLG-4000'),
(795, 'ECN 2901', 'GMN-2003'),
(796, 'GMN 1000', 'GMN-2003'),
(797, 'STT 1000', 'GMN-2003'),
(798, 'STT 1900', 'GMN-2003'),
(799, 'GMN 2001', 'GMN-4001'),
(800, 'ANL 2010', 'ANL-2020'),
(801, 'ANL 2020', 'ANL-3010'),
(802, 'ANL 2021', 'ANL-3010'),
(803, 'ANL 3010', 'ANL-3020'),
(804, 'ANL 3011', 'ANL-3020'),
(805, 'GIF 3590', 'GIF-3591'),
(806, 'GIF 3591', 'GIF-3592'),
(807, 'MAT 1900', 'GEL-1000'),
(808, 'PHY 1002', 'GEL-1000'),
(809, 'GEL 1799', 'GEL-1002'),
(810, 'IFT 1004', 'GIF-1001'),
(811, 'GLO 1901', 'GIF-1001'),
(812, 'IFT 1004', 'GIF-1003'),
(813, 'GLO 1901', 'GIF-1003'),
(814, 'GEL 1000', 'GIF-2000'),
(815, 'GEL 1002', 'GIF-2000'),
(816, 'GIF 1002', 'GIF-2000'),
(817, 'GEL 1799', 'GIF-2000'),
(818, 'MAT 1900', 'MAT-1910'),
(819, 'MAT 1920', 'MAT-1910'),
(820, 'PHY 1005', 'GEL-2001'),
(821, 'GEL 1000', 'GEL-2001'),
(822, 'GEL 1000', 'GEL-2005'),
(823, 'GEL 1002', 'GEL-2005'),
(824, 'GPH 2006', 'GEL-2005'),
(825, 'PHY 1005', 'GEL-2005'),
(826, 'GIF 1002', 'GIF-4202'),
(827, 'GLO 1901', 'GIF-4202'),
(828, 'GIF 1003', 'GLO-2100'),
(829, 'GLO 1901', 'MAT-2930'),
(830, 'IFT 1004', 'MAT-2930'),
(831, 'IFT 1903', 'MAT-2930'),
(832, 'GEL 1001', 'GEL-2007'),
(833, 'GEL 2005', 'GEL-2007'),
(834, 'GLO 1901', 'GEL-2007'),
(835, 'GEL 2002', 'GEL-2007'),
(836, 'GIF 2000', 'GEL-2007'),
(837, 'GIF 1003', 'GIF-3001'),
(838, 'GIF 1001', 'GLO-2001'),
(839, 'GLO 2100', 'GLO-2001'),
(840, 'IFT 2008', 'GLO-2001'),
(841, 'GEL 2001', 'GEL-3003'),
(842, 'GLO 2001', 'GIF-3000'),
(843, 'GIF 1001', 'GIF-3002'),
(844, 'GIF 1002', 'GIF-3002'),
(845, 'GIF 1003', 'GIF-3002'),
(846, 'GEL 3000', 'GIF-3002'),
(847, 'GIF 2000', 'GIF-3002'),
(848, 'GIF 1003', 'GLO-2004'),
(849, 'MAT 1900', 'STT-2920'),
(850, 'MAT 1910', 'STT-2920'),
(851, 'PHY 1001', 'STT-2920'),
(852, 'PHY 1002', 'STT-2920'),
(853, 'GEL 1000', 'GEL-2910'),
(854, 'MAT 1910', 'GEL-2910'),
(855, 'GEL 2007', 'GEL-3014'),
(856, 'GEL 3000', 'GEL-3014'),
(857, 'GIF 3002', 'GEL-3014'),
(858, 'GLO 2001', 'GIF-3004'),
(859, 'GEL 1799', 'GEL-3020'),
(860, 'GEL 3014', 'GEL-3020'),
(861, 'GEL 1799', 'GEL-3021'),
(862, 'GEL 3020', 'GEL-3021'),
(863, 'GEL 2000', 'GEL-3007'),
(864, 'GEL 2900', 'GEL-3007'),
(865, 'GEL 2910', 'GEL-3007'),
(866, 'PHY 1002', 'PHY-1006'),
(867, 'MAT 1900', 'PHY-1006'),
(868, 'GEL 3000', 'GEL-4069'),
(869, 'GIF 2000', 'GEL-4069'),
(870, 'GEL 2002', 'GEL-4072'),
(871, 'GIF 2000', 'GEL-4072'),
(872, 'GPH 2006', 'GEL-4072'),
(873, 'GMC 3300', 'GEL-4072'),
(874, 'GEL 2000', 'GEL-4074'),
(875, 'GEL 3000', 'GEL-4074'),
(876, 'GEL 2900', 'GEL-4074'),
(877, 'GIF 2000', 'GEL-4074'),
(878, 'GPH 2006', 'GEL-4074'),
(879, 'null', 'GEL-4074'),
(880, 'PHY 1007', 'GEL-4074'),
(881, 'null', 'GEL-4074'),
(882, 'PHY 1007', 'GEL-4074'),
(883, 'PHY 2002', 'GEL-4074'),
(884, 'GEL 3003', 'GEL-4101'),
(885, 'STT 2920', 'GEL-4101'),
(886, 'GEL 1002', 'GIF-4103'),
(887, 'GEL 1799', 'GIF-4103'),
(888, 'GEL 2002', 'GIF-4201'),
(889, 'GIF 2000', 'GIF-4201'),
(890, 'GIF 1003', 'GIF-3101'),
(891, 'IFT 1004', 'GLO-2005'),
(892, 'GLO 1901', 'GLO-2005'),
(893, 'IFT 2004', 'GLO-4027'),
(894, 'GLO 2005', 'GLO-4027'),
(895, 'IFT 2008', 'GLO-4027'),
(896, 'GLO 2100', 'GLO-4027'),
(897, 'IFT 2008', 'IFT-3001'),
(898, 'GLO 2100', 'IFT-3001'),
(899, 'STT 1000', 'IFT-3001'),
(900, 'STT 2920', 'IFT-3001'),
(901, 'MAT 1310', 'IFT-3001'),
(902, 'MAT 1919', 'IFT-3001'),
(903, 'GEL 2001', 'GEL-4200'),
(904, 'STT 2920', 'GEL-4200'),
(905, 'GEL 2001', 'GEL-4064'),
(906, 'MAT 2930', 'GEL-4064'),
(907, 'STT 2920', 'GEL-4064'),
(908, 'GLO 2100', 'GIF-4104'),
(909, 'IFT 2008', 'GIF-4104'),
(910, 'IFT 2008', 'GLO-3100'),
(911, 'GLO 2100', 'GLO-3100'),
(912, 'IFT 2006', 'IFT-3201'),
(913, 'GIF 3001', 'IFT-3201'),
(914, 'GLO 2000', 'IFT-3201'),
(915, 'MAT 1200', 'GIF-4100'),
(916, 'MAT 2930', 'GIF-4100'),
(917, 'STT 1000', 'GIF-4101'),
(918, 'STT 1900', 'GIF-4101'),
(919, 'STT 2920', 'GIF-4101'),
(920, 'MAT 1200', 'GIF-4101'),
(921, 'MAT 1910', 'GIF-4101'),
(922, 'MAT 2930', 'GIF-4101'),
(923, 'PHY 1001', 'GIF-4101'),
(924, 'GLO 1901', 'GIF-4105'),
(925, 'IFT 1004', 'GIF-4105'),
(926, 'MAT 1200', 'GIF-4105'),
(927, 'MAT 2930', 'GIF-4105'),
(928, 'IFT 1004', 'GLO-4001'),
(929, 'GLO 1901', 'GLO-4001'),
(930, 'STT 1000', 'GLO-4001'),
(931, 'STT 1900', 'GLO-4001'),
(932, 'STT 2920', 'GLO-4001'),
(933, 'GIF 1003', 'IFT-2103'),
(934, 'IFT 3100', 'IFT-2103'),
(935, 'GIF 1003', 'IFT-3100'),
(936, 'GEL 2005', 'GEL-4100'),
(937, 'GEL 3003', 'GEL-4100'),
(938, 'GCH 3000', 'GEL-4100'),
(939, 'GMC 3002', 'GEL-4100'),
(940, 'IFT 3001', 'IFT-4001'),
(941, 'MAT 1110', 'MAT-2910'),
(942, 'MAT 1900', 'MAT-2910'),
(943, 'PHY 1002', 'MAT-2910'),
(944, 'IFT 1903', 'MAT-2910'),
(945, 'GLO 1901', 'MAT-2910'),
(946, 'IFT 1004', 'MAT-2910'),
(947, 'IFT 1901', 'MAT-2910'),
(948, 'ENT 1000', 'ENT-3000'),
(949, 'ENT 1000', 'ENT-3010'),
(950, 'ENT 3000', 'ENT-3010'),
(951, 'MQT 1102', 'GSO-1000'),
(952, 'MQT 1100', 'GSO-1000'),
(953, 'STT 2920', 'GSO-1000'),
(954, 'MAT 1915', 'GSO-1000'),
(955, 'STT 1900', 'GSO-1000'),
(956, 'STT 1000', 'GSO-1000'),
(957, 'GSO 1000', 'GSO-2100'),
(958, 'GSO 1100', 'GSO-2100'),
(959, 'GIN 2010', 'GSO-2100'),
(960, 'FOR 2017', 'GSO-2100'),
(961, 'FOR 3006', 'GSO-2100'),
(962, 'ECN 1150', 'GSO-2100'),
(963, 'MQT 1100', 'GSO-1100'),
(964, 'MQT 1102', 'GSO-1100'),
(965, 'STT 2920', 'GSO-1100'),
(966, 'ANL 2010', 'ANL-2020'),
(967, 'GPH 2590', 'GPH-2591'),
(968, 'GPH 2591', 'GPH-3590'),
(969, 'GPH 3590', 'GPH-3591'),
(970, 'PHY 1002', 'GPH-2006'),
(971, 'MAT 1900', 'GPH-2006'),
(972, 'PHY 1007', 'GPH-2006'),
(973, 'PHY 1002', 'PHY-1004'),
(974, 'MAT 1900', 'PHY-1004'),
(975, 'PHY 1002', 'PHY-1005'),
(976, 'MAT 1900', 'PHY-1005'),
(977, 'PHY 1001', 'PHY-1007'),
(978, 'MAT 1910', 'PHY-1007'),
(979, 'GEL 1000', 'GEL-2005'),
(980, 'GEL 1002', 'GEL-2005'),
(981, 'GPH 2006', 'GEL-2005'),
(982, 'PHY 1005', 'GEL-2005'),
(983, 'MAT 1900', 'GMC-1002'),
(984, 'PHY 1002', 'GMC-1002'),
(985, 'PHY 1007', 'PHY-2001'),
(986, 'MAT 1910', 'GMC-1003'),
(987, 'PHY 1001', 'GMC-1003'),
(988, 'GPH 1799', 'GPH-2004'),
(989, 'GPH 2005', 'GPH-2004'),
(990, 'GEL 3002', 'GPH-2005'),
(991, 'PHY 2001', 'GPH-2005'),
(992, 'GEL 1001', 'GPH-2104'),
(993, 'GSC 1000', 'GPH-2104'),
(994, 'GEL 1799', 'GPH-2104'),
(995, 'GEL 2005', 'GPH-2104'),
(996, 'GLO 1901', 'GPH-2104'),
(997, 'PHY 1002', 'PHY-1006'),
(998, 'MAT 1900', 'PHY-1006'),
(999, 'GMC 1002', 'GMC-3005'),
(1000, 'GMC 2005', 'GMC-3005'),
(1001, 'PHY 1006', 'GPH-2002'),
(1002, 'PHY 1003', 'GPH-3004'),
(1003, 'PHY 1006', 'GPH-3004'),
(1004, 'MAT 1900', 'STT-2920'),
(1005, 'MAT 1910', 'STT-2920'),
(1006, 'PHY 1001', 'STT-2920'),
(1007, 'PHY 1002', 'STT-2920'),
(1008, 'MAT 1900', 'GMC-2001'),
(1009, 'PHY 1002', 'GMC-2001'),
(1010, 'GMC 1001', 'GMC-2001'),
(1011, 'GPH 2104', 'GPH-3110'),
(1012, 'PHY 1004', 'PHY-3500'),
(1013, 'PHY 1005', 'PHY-3500'),
(1014, 'PHY 1006', 'PHY-3500'),
(1015, 'PHY 2000', 'PHY-3500'),
(1016, 'GPH 1799', 'GPH-3000'),
(1017, 'GPH 2003', 'GPH-3000'),
(1018, 'GPH 3110', 'GPH-3001'),
(1019, 'PHY 1006', 'PHY-3003'),
(1020, 'PHY 2004', 'PHY-3003'),
(1021, 'GPH 2005', 'PHY-3003'),
(1022, 'ANL 2010', 'ANL-2020');

INSERT INTO Suivre(idul, sigleCours, sessions, moyenne)
	VALUE
	('GAJAC',  'ECN-2901', 'Hiver', 3),
	('GAJAC',  'PHI-2910', 'Hiver', 3),
	('GAJAC',  'IFT-2002', 'Hiver', 3),
	('GAJAC',  'GLO-2005', 'Hiver', 3),
	('GAJAC',  'GMN-2901', 'Hiver', 3);

INSERT INTO Note(id, idul,sigleCours, NumeroEvaluation, ponderation)
	VALUE
	(1, 'DIBAX',  'ECN-2901',1,25),
	(2, 'DIBAX',  'PHI-2910',1,35),
	(3, 'DIBAX',  'IFT-2002',1,30),
	(4, 'DIBAX',  'GLO-2005',1,25),
	(5, 'DIBAX',  'GMN-2901',1,33);


/*
CREATE TABLE Emprunts(
	cote smallint,
	pret date,
	retour date,
	id smallint,
	PRIMARY KEY(cote, pret),
	FOREIGN KEY(cote) REFERENCES Copies(cote) ON DELETE CASCADE,
	FOREIGN KEY(id) REFERENCES Utilisateurs(id) ON DELETE CASCADE
	);

INSERT INTO Suivre(idul, sigleCours, sessions, moyenne)
	VALUE
	('DIBAX',  'MAT-1910', 'Hiver', 3);
	
INSERT INTO Copies(cote, isbn, disponible)
	VALUE
	(0, 1234, 1),
	(1, 1234, 0),
	(2, 1234, 0),
	(3, 2345, 0),
	(5, 4567, 1),
	(6, 5678, 0),
	(7, 5678, 0),
	(8, 6789, 1),
	(9, 7890, 0);
	
INSERT INTO Utilisateurs(id, nom, adresse, age)
	VALUE
	(10, 'Alice', '2020 Rue Finfin', 25),
	(20, 'Bob', '1111 Premiere Avenue', 7),
	(30, 'Cedric', '42 Rue de la Reponse', 15),
	(40, 'Denise', '1234 Avenue Croissante', 43),
	(50, 'Frank', '3 Carre du Pentagone', 5),
	(60, 'Gerard', '2020 Rue Finfin', 32),
	(70, 'Henry', '39 Avenue Khoury', 12);
	
INSERT INTO Emprunts (cote, pret, retour, id)
	VALUE
	(0, '2017-01-05', '2017-02-07', 10),
	(0, '2017-05-18', '2017-06-19', 30),
	(0, '2018-11-15', '2018-12-18', 50),
	(1, '2015-02-04', '2015-04-01', 10),
	(1, '2015-06-08', '2015-08-02', 20),
	(1, '2016-04-01', '2016-05-13', 40),
	(1, '2017-03-15', '2017-08-02', 30),
	(1, '2018-11-14', '2018-12-06', 70),
	(1, '2018-12-20', '2019-02-13', 60),
	(2, '2017-05-04', '2017-06-08', 50),
	(2, '2018-06-03', '2018-09-12', 30),
	(2, '2018-11-15', '2018-12-09', 60),
	(3, '2019-01-14', '2019-03-15', 60),
	(4, '2014-02-13', '2014-05-18', 40),
	(5, '2015-03-12', '2015-05-17', 10),
	(6, '2015-04-12', '2015-06-17', 30),
	(6, '2016-06-19', '2016-06-21', 20),
	(6, '2018-12-15', '2019-01-17', 70),
	(7, '2018-09-18', '2018-11-10', 50),
	(7, '2019-02-14', '2019-03-15', 20),
	(8, '2017-05-04', '2017-06-19', 30),
	(9, '2018-09-15', '2018-11-16', 60),
	(9, '2017-04-16', '2017-05-12', 10);
    fgoshgiuhteaiugh
    */